Workbook

Sheet Raw Dataset
A1: Employee ID | B1: Name | C1: Department | D1: Country | E1: Salary | F1: Date of Joining | G1: Performance Rating | H1: Gender | I1: Email
A2: EMP1000 | C2: Finance | E2: N/A | G2: 2 | H2: Unknown | I2: invalid_email
A3: EMP1001 | B3: Eve Adams | C3: HR | D3: Germany | E3: 54255 | F3: 42015 | G3: 1 | H3: Other | I3: user106@example.com
A4: EMP1002 | B4: Alice Brown | C4: Finance | D4: Germany | E4: 63184 | F4: 42022 | G4: 2 | I4: user176@example.com
A5: EMP1003 | B5: John Doe | C5: Sales | D5: USA | E5: 94406 | F5: 42029 | G5: 1 | H5: Male | I5: user168@example.com
A6: EMP1004 | B6: Jane Smith | C6: Sales | D6: Germany | E6: 64120 | F6: 42036 | G6: 1 | H6: Male | I6: user49@example.com
A7: EMP1005 | B7: Alice Brown | C7: IT | D7: India | E7: 78421 | F7: 42043 | G7: 2 | H7: Female | I7: user24@example.com
A8: EMP1006 | B8: Sam Wilson | C8: Sales | E8: 67721 | F8: 42050 | H8: Male | I8: user168@example.com
A9: EMP1007 | B9: Chris Lee | C9: Marketing | E9: 35364 | F9: 42057 | G9: 2 | H9: Other | I9: user26@example.com
A10: EMP1008 | B10: Alice Brown | C10: IT | D10: Germany | E10: 97881 | F10: 42064 | H10: Female | I10: user25@example.com
A11: EMP1009 | B11: Chris Lee | C11: HR | D11: UK | E11: 91846 | F11: 42071 | H11: Male | I11: user153@example.com
A12: EMP1010 | B12: Sam Wilson | C12: Finance | D12: UK | E12: 64247 | F12: 42078 | G12: 1 | H12: Female | I12: user18@example.com
A13: EMP1011 | B13: Sam Wilson | C13: IT | D13: USA | E13: 91180 | F13: 42085 | G13: 5 | H13: Male | I13: user1@example.com
A14: EMP1012 | B14: Bob Johnson | C14: Sales | E14: 96418 | F14: 42092 | G14: 5 | H14: Male | I14: user106@example.com
A15: EMP1013 | B15: Sam Wilson | D15: India | E15: 62158 | F15: 42099 | G15: 4 | I15: user180@example.com
A16: EMP1014 | B16: Jane Smith | C16: HR | E16: 59894 | F16: 42106 | G16: 2 | H16: Male | I16: user184@example.com
A17: EMP1015 | C17: IT | D17: India | E17: 92443 | F17: 42113 | G17: 3 | H17: Other | I17: user3@example.com
A18: EMP1016 | B18: Bob Johnson | D18: Germany | E18: 90271 | F18: 42120 | I18: user64@example.com
A19: EMP1017 | B19: Jane Smith | C19: Finance | D19: Australia | E19: 41341 | F19: 42127 | G19: 1 | H19: Other | I19: user38@example.com
A20: EMP1018 | B20: Alice Brown | C20: Finance | D20: UK | E20: 73602 | F20: 42134 | I20: user96@example.com
A21: EMP1019 | B21: Eve Adams | D21: India | E21: 67531 | F21: 42141 | G21: 5 | H21: Female | I21: user151@example.com
A22: EMP1020 | B22: Jane Smith | C22: HR | D22: USA | E22: N/A | F22: 42148 | G22: 2 | H22: Other | I22: user200@example.com
A23: EMP1021 | B23: Jane Smith | C23: HR | E23: 98922 | F23: 42155 | G23: 4 | I23: user77@example.com
A24: EMP1022 | B24: Eve Adams | C24: Finance | D24: India | E24: 38333 | F24: 42162 | G24: 5 | I24: user128@example.com
A25: EMP1023 | B25: Alice Brown | C25: Marketing | D25: UK | E25: 36515 | F25: 42169 | G25: 3 | H25: Male | I25: user149@example.com
A26: EMP1024 | B26: Sam Wilson | C26: Finance | E26: 91005 | F26: 42176 | G26: 1 | H26: Other | I26: user122@example.com
A27: EMP1025 | B27: Chris Lee | E27: 52272 | F27: 42183 | G27: 3 | I27: user41@example.com
A28: EMP1026 | B28: Eve Adams | C28: Sales | D28: Germany | E28: 76518 | F28: 42190 | G28: 2 | H28: Female | I28: user68@example.com
A29: EMP1027 | B29: Alice Brown | C29: IT | D29: UK | E29: 41448 | F29: 42197 | G29: 3 | H29: Other | I29: user103@example.com
A30: EMP1028 | B30: John Doe | C30: HR | D30: UK | E30: 49282 | F30: 42204 | G30: 2 | H30: Female | I30: user135@example.com
A31: EMP1029 | B31: Bob Johnson | C31: Marketing | D31: UK | E31: 92959 | F31: 42211 | G31: 5 | I31: user83@example.com
A32: EMP1030 | C32: Marketing | E32: 92259 | G32: 1 | H32: Unknown | I32: user109@example.com
A33: EMP1031 | B33: Eve Adams | C33: HR | D33: Germany | E33: 92299 | F33: 42225 | G33: 3 | H33: Male | I33: user143@example.com
A34: EMP1032 | B34: Sam Wilson | C34: HR | E34: 95586 | F34: 42232 | G34: 3 | H34: Other | I34: user190@example.com
A35: EMP1033 | B35: Chris Lee | D35: USA | E35: 95367 | F35: 42239 | H35: Male | I35: user136@example.com
A36: EMP1034 | B36: John Doe | C36: Sales | D36: Australia | E36: 79549 | F36: 42246 | G36: 3 | I36: user198@example.com
A37: EMP1035 | B37: Alice Brown | D37: UK | E37: 54463 | F37: 42253 | G37: 4 | H37: Male | I37: invalid_email
A38: EMP1036 | B38: Alice Brown | C38: IT | D38: USA | E38: 89781 | F38: 42260 | H38: Female | I38: user31@example.com
A39: EMP1037 | B39: Alice Brown | C39: HR | E39: 64796 | F39: 42267 | H39: Other | I39: user98@example.com
A40: EMP1038 | B40: John Doe | C40: Marketing | D40: UK | E40: 52093 | F40: 42274 | G40: 5 | I40: user154@example.com
A41: EMP1039 | B41: Chris Lee | C41: HR | D41: UK | E41: 48224 | F41: 42281 | G41: 3 | I41: user42@example.com
A42: EMP1040 | B42: Bob Johnson | C42: Finance | D42: UK | E42: N/A | G42: 4 | H42: Female | I42: user89@example.com
A43: EMP1041 | B43: Alice Brown | C43: IT | D43: Germany | E43: 33956 | F43: 42295 | I43: user47@example.com
A44: EMP1042 | B44: Bob Johnson | D44: Australia | E44: 64913 | F44: 42302 | G44: 1 | H44: Female | I44: user175@example.com
A45: EMP1043 | B45: Alice Brown | C45: Marketing | D45: Australia | E45: 35326 | F45: 42309 | H45: Female | I45: user57@example.com
A46: EMP1044 | B46: Chris Lee | C46: Finance | E46: 81610 | F46: 42316 | G46: 1 | I46: user20@example.com
A47: EMP1045 | C47: HR | E47: 58962 | F47: 42323 | G47: 3 | H47: Other | I47: user106@example.com
A48: EMP1046 | B48: Chris Lee | C48: IT | D48: Germany | E48: 92701 | F48: 42330 | G48: 3 | H48: Other | I48: user199@example.com
A49: EMP1047 | B49: Chris Lee | C49: HR | D49: India | E49: 58245 | F49: 42337 | G49: 4 | I49: user43@example.com
A50: EMP1048 | B50: John Doe | C50: Finance | E50: 66513 | F50: 42344 | G50: 2 | H50: Other | I50: user24@example.com
A51: EMP1049 | B51: Eve Adams | C51: HR | D51: Germany | E51: 78720 | F51: 42351 | G51: 5 | H51: Female | I51: user89@example.com
A52: EMP1050 | B52: Chris Lee | E52: 30686 | G52: 2 | H52: Female | I52: user95@example.com
A53: EMP1051 | B53: Sam Wilson | C53: Sales | D53: India | E53: 39423 | F53: 42365 | G53: 5 | I53: user59@example.com
A54: EMP1052 | B54: Eve Adams | C54: Marketing | E54: 30280 | F54: 42372 | G54: 1 | I54: user152@example.com
A55: EMP1053 | B55: Eve Adams | C55: Finance | D55: UK | E55: 33352 | F55: 42379 | G55: 3 | H55: Female | I55: user200@example.com
A56: EMP1054 | B56: Bob Johnson | C56: Marketing | D56: UK | E56: 75633 | F56: 42386 | G56: 5 | H56: Other | I56: user92@example.com
A57: EMP1055 | B57: Chris Lee | D57: USA | E57: 74815 | F57: 42393 | G57: 5 | H57: Female | I57: user50@example.com
A58: EMP1056 | B58: John Doe | C58: Sales | D58: Australia | E58: 60011 | F58: 42400 | G58: 1 | H58: Male | I58: user63@example.com
A59: EMP1057 | B59: Eve Adams | D59: India | E59: 96949 | F59: 42407 | G59: 3 | I59: user103@example.com
A60: EMP1058 | B60: Sam Wilson | C60: Marketing | E60: 84924 | F60: 42414 | G60: 5 | H60: Male | I60: user150@example.com
A61: EMP1059 | B61: Sam Wilson | C61: Finance | D61: USA | E61: 82033 | F61: 42421 | G61: 1 | I61: user20@example.com
A62: EMP1060 | C62: Marketing | D62: Germany | E62: N/A | G62: 5 | H62: Unknown | I62: user112@example.com
A63: EMP1061 | B63: Eve Adams | D63: Australia | E63: 31499 | F63: 42435 | G63: 2 | I63: user31@example.com
A64: EMP1062 | B64: Chris Lee | C64: IT | D64: UK | E64: 97981 | F64: 42442 | G64: 5 | H64: Female | I64: user71@example.com
A65: EMP1063 | B65: Eve Adams | C65: HR | D65: USA | E65: 36541 | F65: 42449 | G65: 2 | H65: Other | I65: user97@example.com
A66: EMP1064 | B66: John Doe | C66: IT | D66: India | E66: 84737 | F66: 42456 | G66: 1 | H66: Male | I66: user141@example.com
A67: EMP1065 | B67: Sam Wilson | C67: Finance | D67: India | E67: 33468 | F67: 42463 | G67: 4 | H67: Male | I67: user125@example.com
A68: EMP1066 | B68: Sam Wilson | D68: Australia | E68: 96365 | F68: 42470 | G68: 3 | H68: Other | I68: user90@example.com
A69: EMP1067 | B69: Alice Brown | C69: Sales | D69: India | E69: 61942 | F69: 42477 | G69: 3 | H69: Female | I69: user192@example.com
A70: EMP1068 | B70: Sam Wilson | C70: Finance | D70: UK | E70: 41467 | F70: 42484 | G70: 2 | I70: user77@example.com
A71: EMP1069 | B71: Bob Johnson | C71: Finance | D71: India | E71: 77096 | F71: 42491 | G71: 1 | I71: user65@example.com
A72: EMP1070 | B72: Eve Adams | C72: Sales | D72: Australia | E72: 69952 | F72: 42498 | G72: 5 | H72: Female | I72: invalid_email
A73: EMP1071 | B73: Eve Adams | C73: Marketing | D73: USA | E73: 85065 | F73: 42505 | G73: 3 | I73: user142@example.com
A74: EMP1072 | B74: Bob Johnson | C74: Marketing | D74: India | E74: 56512 | F74: 42512 | H74: Other | I74: user153@example.com
A75: EMP1073 | B75: John Doe | C75: Sales | D75: India | E75: 91101 | F75: 42519 | G75: 4 | H75: Female | I75: user71@example.com
A76: EMP1074 | B76: Sam Wilson | D76: Germany | E76: 41243 | F76: 42526 | I76: user143@example.com
A77: EMP1075 | C77: Sales | E77: 96142 | F77: 42533 | G77: 1 | H77: Other | I77: user17@example.com
A78: EMP1076 | B78: Eve Adams | C78: IT | D78: India | E78: 94301 | F78: 42540 | G78: 1 | H78: Male | I78: user20@example.com
A79: EMP1077 | B79: Jane Smith | D79: UK | E79: 69166 | F79: 42547 | G79: 1 | H79: Female | I79: user22@example.com
A80: EMP1078 | B80: Sam Wilson | D80: UK | E80: 78245 | F80: 42554 | G80: 2 | I80: user46@example.com
A81: EMP1079 | B81: Chris Lee | C81: Sales | D81: USA | E81: 66079 | F81: 42561 | G81: 2 | H81: Other | I81: user55@example.com
A82: EMP1080 | B82: Eve Adams | C82: Marketing | D82: India | E82: N/A | I82: user135@example.com
A83: EMP1081 | B83: Jane Smith | C83: Sales | D83: USA | E83: 95621 | F83: 42575 | G83: 3 | H83: Female | I83: user156@example.com
A84: EMP1082 | B84: Eve Adams | C84: IT | D84: UK | E84: 42262 | F84: 42582 | G84: 1 | I84: user104@example.com
A85: EMP1083 | B85: Sam Wilson | C85: Sales | D85: India | E85: 99621 | F85: 42589 | H85: Other | I85: user145@example.com
A86: EMP1084 | B86: John Doe | C86: Marketing | D86: India | E86: 44682 | F86: 42596 | G86: 4 | H86: Female | I86: user47@example.com
A87: EMP1085 | B87: Chris Lee | C87: Finance | E87: 35163 | F87: 42603 | G87: 5 | H87: Other | I87: user197@example.com
A88: EMP1086 | B88: Chris Lee | C88: IT | D88: India | E88: 33483 | F88: 42610 | G88: 4 | H88: Male | I88: user177@example.com
A89: EMP1087 | B89: Sam Wilson | C89: HR | D89: Germany | E89: 55303 | F89: 42617 | G89: 4 | H89: Male | I89: user149@example.com
A90: EMP1088 | B90: Chris Lee | C90: IT | E90: 63434 | F90: 42624 | G90: 3 | I90: user48@example.com
A91: EMP1089 | B91: Jane Smith | D91: Australia | E91: 38830 | F91: 42631 | G91: 3 | H91: Other | I91: user149@example.com
A92: EMP1090 | C92: Marketing | D92: UK | E92: 50741 | F92: 42638 | G92: 3 | H92: Unknown | I92: user65@example.com
A93: EMP1091 | B93: Alice Brown | C93: HR | D93: Australia | E93: 69420 | F93: 42645 | G93: 1 | H93: Male | I93: user43@example.com
A94: EMP1092 | B94: Jane Smith | C94: IT | E94: 80588 | F94: 42652 | G94: 5 | H94: Male | I94: user98@example.com
A95: EMP1093 | B95: Alice Brown | D95: USA | E95: 76238 | F95: 42659 | G95: 4 | H95: Male | I95: user102@example.com
A96: EMP1094 | B96: Bob Johnson | C96: IT | D96: India | E96: 33264 | F96: 42666 | H96: Female | I96: user148@example.com
A97: EMP1095 | B97: Alice Brown | C97: Finance | D97: Australia | E97: 96101 | F97: 42673 | H97: Other | I97: user155@example.com
A98: EMP1096 | B98: Jane Smith | C98: Finance | D98: USA | E98: 72939 | F98: 42680 | G98: 3 | I98: user191@example.com
A99: EMP1097 | B99: Sam Wilson | C99: HR | D99: Germany | E99: 89333 | F99: 42687 | G99: 1 | H99: Male | I99: user113@example.com
A100: EMP1098 | B100: Bob Johnson | C100: IT | D100: Australia | E100: 70470 | F100: 42694 | H100: Male | I100: user62@example.com
...

Sheet Day-1-Clean Dataset
A1: Employee ID | B1: Name | C1: Department | D1: Country | E1: Salary | F1: Date of Joining | G1: Performance Rating | H1: Gender | I1: Email
A2: EMP1000 | C2: Finance | E2: N/A | G2: 2 | H2: Unknown | I2: invalid_email
A3: EMP1001 | B3: Eve Adams | C3: HR | D3: Germany | E3: 54255 | F3: 42015 | G3: 1 | H3: Other | I3: user106@example.com
A4: EMP1002 | B4: Alice Brown | C4: Finance | D4: Germany | E4: 63184 | F4: 42022 | G4: 2 | I4: user176@example.com
A5: EMP1003 | B5: John Doe | C5: Sales | D5: USA | E5: 94406 | F5: 42029 | G5: 1 | H5: Male | I5: user168@example.com
A6: EMP1004 | B6: Jane Smith | C6: Sales | D6: Germany | E6: 64120 | F6: 42036 | G6: 1 | H6: Male | I6: user49@example.com
A7: EMP1005 | B7: Alice Brown | C7: IT | D7: India | E7: 78421 | F7: 42043 | G7: 2 | H7: Female | I7: user24@example.com
A8: EMP1006 | B8: Sam Wilson | C8: Sales | E8: 67721 | F8: 42050 | H8: Male | I8: user168@example.com
A9: EMP1007 | B9: Chris Lee | C9: Marketing | E9: 35364 | F9: 42057 | G9: 2 | H9: Other | I9: user26@example.com
A10: EMP1008 | B10: Alice Brown | C10: IT | D10: Germany | E10: 97881 | F10: 42064 | H10: Female | I10: user25@example.com
A11: EMP1009 | B11: Chris Lee | C11: HR | D11: UK | E11: 91846 | F11: 42071 | H11: Male | I11: user153@example.com
A12: EMP1010 | B12: Sam Wilson | C12: Finance | D12: UK | E12: 64247 | F12: 42078 | G12: 1 | H12: Female | I12: user18@example.com
A13: EMP1011 | B13: Sam Wilson | C13: IT | D13: USA | E13: 91180 | F13: 42085 | G13: 5 | H13: Male | I13: user1@example.com
A14: EMP1012 | B14: Bob Johnson | C14: Sales | E14: 96418 | F14: 42092 | G14: 5 | H14: Male | I14: user106@example.com
A15: EMP1013 | B15: Sam Wilson | D15: India | E15: 62158 | F15: 42099 | G15: 4 | I15: user180@example.com
A16: EMP1014 | B16: Jane Smith | C16: HR | E16: 59894 | F16: 42106 | G16: 2 | H16: Male | I16: user184@example.com
A17: EMP1015 | C17: IT | D17: India | E17: 92443 | F17: 42113 | G17: 3 | H17: Other | I17: user3@example.com
A18: EMP1016 | B18: Bob Johnson | D18: Germany | E18: 90271 | F18: 42120 | I18: user64@example.com
A19: EMP1017 | B19: Jane Smith | C19: Finance | D19: Australia | E19: 41341 | F19: 42127 | G19: 1 | H19: Other | I19: user38@example.com
A20: EMP1018 | B20: Alice Brown | C20: Finance | D20: UK | E20: 73602 | F20: 42134 | I20: user96@example.com
A21: EMP1019 | B21: Eve Adams | D21: India | E21: 67531 | F21: 42141 | G21: 5 | H21: Female | I21: user151@example.com
A22: EMP1020 | B22: Jane Smith | C22: HR | D22: USA | E22: N/A | F22: 42148 | G22: 2 | H22: Other | I22: user200@example.com
A23: EMP1021 | B23: Jane Smith | C23: HR | E23: 98922 | F23: 42155 | G23: 4 | I23: user77@example.com
A24: EMP1022 | B24: Eve Adams | C24: Finance | D24: India | E24: 38333 | F24: 42162 | G24: 5 | I24: user128@example.com
A25: EMP1023 | B25: Alice Brown | C25: Marketing | D25: UK | E25: 36515 | F25: 42169 | G25: 3 | H25: Male | I25: user149@example.com
A26: EMP1024 | B26: Sam Wilson | C26: Finance | E26: 91005 | F26: 42176 | G26: 1 | H26: Other | I26: user122@example.com
A27: EMP1025 | B27: Chris Lee | E27: 52272 | F27: 42183 | G27: 3 | I27: user41@example.com
A28: EMP1026 | B28: Eve Adams | C28: Sales | D28: Germany | E28: 76518 | F28: 42190 | G28: 2 | H28: Female | I28: user68@example.com
A29: EMP1027 | B29: Alice Brown | C29: IT | D29: UK | E29: 41448 | F29: 42197 | G29: 3 | H29: Other | I29: user103@example.com
A30: EMP1028 | B30: John Doe | C30: HR | D30: UK | E30: 49282 | F30: 42204 | G30: 2 | H30: Female | I30: user135@example.com
A31: EMP1029 | B31: Bob Johnson | C31: Marketing | D31: UK | E31: 92959 | F31: 42211 | G31: 5 | I31: user83@example.com
A32: EMP1030 | C32: Marketing | E32: 92259 | G32: 1 | H32: Unknown | I32: user109@example.com
A33: EMP1031 | B33: Eve Adams | C33: HR | D33: Germany | E33: 92299 | F33: 42225 | G33: 3 | H33: Male | I33: user143@example.com
A34: EMP1032 | B34: Sam Wilson | C34: HR | E34: 95586 | F34: 42232 | G34: 3 | H34: Other | I34: user190@example.com
A35: EMP1033 | B35: Chris Lee | D35: USA | E35: 95367 | F35: 42239 | H35: Male | I35: user136@example.com
A36: EMP1034 | B36: John Doe | C36: Sales | D36: Australia | E36: 79549 | F36: 42246 | G36: 3 | I36: user198@example.com
A37: EMP1035 | B37: Alice Brown | D37: UK | E37: 54463 | F37: 42253 | G37: 4 | H37: Male | I37: invalid_email
A38: EMP1036 | B38: Alice Brown | C38: IT | D38: USA | E38: 89781 | F38: 42260 | H38: Female | I38: user31@example.com
A39: EMP1037 | B39: Alice Brown | C39: HR | E39: 64796 | F39: 42267 | H39: Other | I39: user98@example.com
A40: EMP1038 | B40: John Doe | C40: Marketing | D40: UK | E40: 52093 | F40: 42274 | G40: 5 | I40: user154@example.com
A41: EMP1039 | B41: Chris Lee | C41: HR | D41: UK | E41: 48224 | F41: 42281 | G41: 3 | I41: user42@example.com
A42: EMP1040 | B42: Bob Johnson | C42: Finance | D42: UK | E42: N/A | G42: 4 | H42: Female | I42: user89@example.com
A43: EMP1041 | B43: Alice Brown | C43: IT | D43: Germany | E43: 33956 | F43: 42295 | I43: user47@example.com
A44: EMP1042 | B44: Bob Johnson | D44: Australia | E44: 64913 | F44: 42302 | G44: 1 | H44: Female | I44: user175@example.com
A45: EMP1043 | B45: Alice Brown | C45: Marketing | D45: Australia | E45: 35326 | F45: 42309 | H45: Female | I45: user57@example.com
A46: EMP1044 | B46: Chris Lee | C46: Finance | E46: 81610 | F46: 42316 | G46: 1 | I46: user20@example.com
A47: EMP1045 | C47: HR | E47: 58962 | F47: 42323 | G47: 3 | H47: Other | I47: user106@example.com
A48: EMP1046 | B48: Chris Lee | C48: IT | D48: Germany | E48: 92701 | F48: 42330 | G48: 3 | H48: Other | I48: user199@example.com
A49: EMP1047 | B49: Chris Lee | C49: HR | D49: India | E49: 58245 | F49: 42337 | G49: 4 | I49: user43@example.com
A50: EMP1048 | B50: John Doe | C50: Finance | E50: 66513 | F50: 42344 | G50: 2 | H50: Other | I50: user24@example.com
A51: EMP1049 | B51: Eve Adams | C51: HR | D51: Germany | E51: 78720 | F51: 42351 | G51: 5 | H51: Female | I51: user89@example.com
A52: EMP1050 | B52: Chris Lee | E52: 30686 | G52: 2 | H52: Female | I52: user95@example.com
A53: EMP1051 | B53: Sam Wilson | C53: Sales | D53: India | E53: 39423 | F53: 42365 | G53: 5 | I53: user59@example.com
A54: EMP1052 | B54: Eve Adams | C54: Marketing | E54: 30280 | F54: 42372 | G54: 1 | I54: user152@example.com
A55: EMP1053 | B55: Eve Adams | C55: Finance | D55: UK | E55: 33352 | F55: 42379 | G55: 3 | H55: Female | I55: user200@example.com
A56: EMP1054 | B56: Bob Johnson | C56: Marketing | D56: UK | E56: 75633 | F56: 42386 | G56: 5 | H56: Other | I56: user92@example.com
A57: EMP1055 | B57: Chris Lee | D57: USA | E57: 74815 | F57: 42393 | G57: 5 | H57: Female | I57: user50@example.com
A58: EMP1056 | B58: John Doe | C58: Sales | D58: Australia | E58: 60011 | F58: 42400 | G58: 1 | H58: Male | I58: user63@example.com
A59: EMP1057 | B59: Eve Adams | D59: India | E59: 96949 | F59: 42407 | G59: 3 | I59: user103@example.com
A60: EMP1058 | B60: Sam Wilson | C60: Marketing | E60: 84924 | F60: 42414 | G60: 5 | H60: Male | I60: user150@example.com
A61: EMP1059 | B61: Sam Wilson | C61: Finance | D61: USA | E61: 82033 | F61: 42421 | G61: 1 | I61: user20@example.com
A62: EMP1060 | C62: Marketing | D62: Germany | E62: N/A | G62: 5 | H62: Unknown | I62: user112@example.com
A63: EMP1061 | B63: Eve Adams | D63: Australia | E63: 31499 | F63: 42435 | G63: 2 | I63: user31@example.com
A64: EMP1062 | B64: Chris Lee | C64: IT | D64: UK | E64: 97981 | F64: 42442 | G64: 5 | H64: Female | I64: user71@example.com
A65: EMP1063 | B65: Eve Adams | C65: HR | D65: USA | E65: 36541 | F65: 42449 | G65: 2 | H65: Other | I65: user97@example.com
A66: EMP1064 | B66: John Doe | C66: IT | D66: India | E66: 84737 | F66: 42456 | G66: 1 | H66: Male | I66: user141@example.com
A67: EMP1065 | B67: Sam Wilson | C67: Finance | D67: India | E67: 33468 | F67: 42463 | G67: 4 | H67: Male | I67: user125@example.com
A68: EMP1066 | B68: Sam Wilson | D68: Australia | E68: 96365 | F68: 42470 | G68: 3 | H68: Other | I68: user90@example.com
A69: EMP1067 | B69: Alice Brown | C69: Sales | D69: India | E69: 61942 | F69: 42477 | G69: 3 | H69: Female | I69: user192@example.com
A70: EMP1068 | B70: Sam Wilson | C70: Finance | D70: UK | E70: 41467 | F70: 42484 | G70: 2 | I70: user77@example.com
A71: EMP1069 | B71: Bob Johnson | C71: Finance | D71: India | E71: 77096 | F71: 42491 | G71: 1 | I71: user65@example.com
A72: EMP1070 | B72: Eve Adams | C72: Sales | D72: Australia | E72: 69952 | F72: 42498 | G72: 5 | H72: Female | I72: invalid_email
A73: EMP1071 | B73: Eve Adams | C73: Marketing | D73: USA | E73: 85065 | F73: 42505 | G73: 3 | I73: user142@example.com
A74: EMP1072 | B74: Bob Johnson | C74: Marketing | D74: India | E74: 56512 | F74: 42512 | H74: Other | I74: user153@example.com
A75: EMP1073 | B75: John Doe | C75: Sales | D75: India | E75: 91101 | F75: 42519 | G75: 4 | H75: Female | I75: user71@example.com
A76: EMP1074 | B76: Sam Wilson | D76: Germany | E76: 41243 | F76: 42526 | I76: user143@example.com
A77: EMP1075 | C77: Sales | E77: 96142 | F77: 42533 | G77: 1 | H77: Other | I77: user17@example.com
A78: EMP1076 | B78: Eve Adams | C78: IT | D78: India | E78: 94301 | F78: 42540 | G78: 1 | H78: Male | I78: user20@example.com
A79: EMP1077 | B79: Jane Smith | D79: UK | E79: 69166 | F79: 42547 | G79: 1 | H79: Female | I79: user22@example.com
A80: EMP1078 | B80: Sam Wilson | D80: UK | E80: 78245 | F80: 42554 | G80: 2 | I80: user46@example.com
A81: EMP1079 | B81: Chris Lee | C81: Sales | D81: USA | E81: 66079 | F81: 42561 | G81: 2 | H81: Other | I81: user55@example.com
A82: EMP1080 | B82: Eve Adams | C82: Marketing | D82: India | E82: N/A | I82: user135@example.com
A83: EMP1081 | B83: Jane Smith | C83: Sales | D83: USA | E83: 95621 | F83: 42575 | G83: 3 | H83: Female | I83: user156@example.com
A84: EMP1082 | B84: Eve Adams | C84: IT | D84: UK | E84: 42262 | F84: 42582 | G84: 1 | I84: user104@example.com
A85: EMP1083 | B85: Sam Wilson | C85: Sales | D85: India | E85: 99621 | F85: 42589 | H85: Other | I85: user145@example.com
A86: EMP1084 | B86: John Doe | C86: Marketing | D86: India | E86: 44682 | F86: 42596 | G86: 4 | H86: Female | I86: user47@example.com
A87: EMP1085 | B87: Chris Lee | C87: Finance | E87: 35163 | F87: 42603 | G87: 5 | H87: Other | I87: user197@example.com
A88: EMP1086 | B88: Chris Lee | C88: IT | D88: India | E88: 33483 | F88: 42610 | G88: 4 | H88: Male | I88: user177@example.com
A89: EMP1087 | B89: Sam Wilson | C89: HR | D89: Germany | E89: 55303 | F89: 42617 | G89: 4 | H89: Male | I89: user149@example.com
A90: EMP1088 | B90: Chris Lee | C90: IT | E90: 63434 | F90: 42624 | G90: 3 | I90: user48@example.com
A91: EMP1089 | B91: Jane Smith | D91: Australia | E91: 38830 | F91: 42631 | G91: 3 | H91: Other | I91: user149@example.com
A92: EMP1090 | C92: Marketing | D92: UK | E92: 50741 | F92: 42638 | G92: 3 | H92: Unknown | I92: user65@example.com
A93: EMP1091 | B93: Alice Brown | C93: HR | D93: Australia | E93: 69420 | F93: 42645 | G93: 1 | H93: Male | I93: user43@example.com
A94: EMP1092 | B94: Jane Smith | C94: IT | E94: 80588 | F94: 42652 | G94: 5 | H94: Male | I94: user98@example.com
A95: EMP1093 | B95: Alice Brown | D95: USA | E95: 76238 | F95: 42659 | G95: 4 | H95: Male | I95: user102@example.com
A96: EMP1094 | B96: Bob Johnson | C96: IT | D96: India | E96: 33264 | F96: 42666 | H96: Female | I96: user148@example.com
A97: EMP1095 | B97: Alice Brown | C97: Finance | D97: Australia | E97: 96101 | F97: 42673 | H97: Other | I97: user155@example.com
A98: EMP1096 | B98: Jane Smith | C98: Finance | D98: USA | E98: 72939 | F98: 42680 | G98: 3 | I98: user191@example.com
A99: EMP1097 | B99: Sam Wilson | C99: HR | D99: Germany | E99: 89333 | F99: 42687 | G99: 1 | H99: Male | I99: user113@example.com
A100: EMP1098 | B100: Bob Johnson | C100: IT | D100: Australia | E100: 70470 | F100: 42694 | H100: Male | I100: user62@example.com
...

Sheet Day 1 Observations
H4: Day 1 – Dataset Selection & Import
G5: No. | H5: Observation
G6: 1 | H6: The dataset contains 150 employee records and 9 columns.
G7: 2 | H7: The dataset contains different data types, including text, numerical values, and dates.
G8: 3 | H8: Important fields include Employee ID, Name, Department, Country, Salary, Date of Joining, Performance Rating, Gender, and Email. | K8: s
G9: 4 | H9: Some fields contain missing or blank values, which may need to be handled during later data-cleaning stages.

Sheet Day-2 Clean Dataset
A1: Employee ID | B1: Name | C1: Department | D1: Country | E1: Salary | F1: Date of Joining | G1: Performance Rating | H1: Gender | I1: Email
A2: EMP1000 | C2: Finance | E2: N/A | G2: 2 | H2: Unknown | I2: invalid_email
A3: EMP1001 | B3: Eve Adams | C3: HR | D3: Germany | E3: 54255 | F3: 42015 | G3: 1 | H3: Other | I3: user106@example.com
A4: EMP1002 | B4: Alice Brown | C4: Finance | D4: Germany | E4: 63184 | F4: 42022 | G4: 2 | I4: user176@example.com
A5: EMP1003 | B5: John Doe | C5: Sales | D5: USA | E5: 94406 | F5: 42029 | G5: 1 | H5: Male | I5: user168@example.com
A6: EMP1004 | B6: Jane Smith | C6: Sales | D6: Germany | E6: 64120 | F6: 42036 | G6: 1 | H6: Male | I6: user49@example.com
A7: EMP1005 | B7: Alice Brown | C7: IT | D7: India | E7: 78421 | F7: 42043 | G7: 2 | H7: Female | I7: user24@example.com
A8: EMP1006 | B8: Sam Wilson | C8: Sales | E8: 67721 | F8: 42050 | H8: Male | I8: user168@example.com
A9: EMP1007 | B9: Chris Lee | C9: Marketing | E9: 35364 | F9: 42057 | G9: 2 | H9: Other | I9: user26@example.com
A10: EMP1008 | B10: Alice Brown | C10: IT | D10: Germany | E10: 97881 | F10: 42064 | H10: Female | I10: user25@example.com
A11: EMP1009 | B11: Chris Lee | C11: HR | D11: UK | E11: 91846 | F11: 42071 | H11: Male | I11: user153@example.com
A12: EMP1010 | B12: Sam Wilson | C12: Finance | D12: UK | E12: 64247 | F12: 42078 | G12: 1 | H12: Female | I12: user18@example.com
A13: EMP1011 | B13: Sam Wilson | C13: IT | D13: USA | E13: 91180 | F13: 42085 | G13: 5 | H13: Male | I13: user1@example.com
A14: EMP1012 | B14: Bob Johnson | C14: Sales | E14: 96418 | F14: 42092 | G14: 5 | H14: Male | I14: user106@example.com
A15: EMP1013 | B15: Sam Wilson | D15: India | E15: 62158 | F15: 42099 | G15: 4 | I15: user180@example.com
A16: EMP1014 | B16: Jane Smith | C16: HR | E16: 59894 | F16: 42106 | G16: 2 | H16: Male | I16: user184@example.com
A17: EMP1015 | C17: IT | D17: India | E17: 92443 | F17: 42113 | G17: 3 | H17: Other | I17: user3@example.com
A18: EMP1016 | B18: Bob Johnson | D18: Germany | E18: 90271 | F18: 42120 | I18: user64@example.com
A19: EMP1017 | B19: Jane Smith | C19: Finance | D19: Australia | E19: 41341 | F19: 42127 | G19: 1 | H19: Other | I19: user38@example.com
A20: EMP1018 | B20: Alice Brown | C20: Finance | D20: UK | E20: 73602 | F20: 42134 | I20: user96@example.com
A21: EMP1019 | B21: Eve Adams | D21: India | E21: 67531 | F21: 42141 | G21: 5 | H21: Female | I21: user151@example.com
A22: EMP1020 | B22: Jane Smith | C22: HR | D22: USA | E22: N/A | F22: 42148 | G22: 2 | H22: Other | I22: user200@example.com
A23: EMP1021 | B23: Jane Smith | C23: HR | E23: 98922 | F23: 42155 | G23: 4 | I23: user77@example.com
A24: EMP1022 | B24: Eve Adams | C24: Finance | D24: India | E24: 38333 | F24: 42162 | G24: 5 | I24: user128@example.com
A25: EMP1023 | B25: Alice Brown | C25: Marketing | D25: UK | E25: 36515 | F25: 42169 | G25: 3 | H25: Male | I25: user149@example.com
A26: EMP1024 | B26: Sam Wilson | C26: Finance | E26: 91005 | F26: 42176 | G26: 1 | H26: Other | I26: user122@example.com
A27: EMP1025 | B27: Chris Lee | E27: 52272 | F27: 42183 | G27: 3 | I27: user41@example.com
A28: EMP1026 | B28: Eve Adams | C28: Sales | D28: Germany | E28: 76518 | F28: 42190 | G28: 2 | H28: Female | I28: user68@example.com
A29: EMP1027 | B29: Alice Brown | C29: IT | D29: UK | E29: 41448 | F29: 42197 | G29: 3 | H29: Other | I29: user103@example.com
A30: EMP1028 | B30: John Doe | C30: HR | D30: UK | E30: 49282 | F30: 42204 | G30: 2 | H30: Female | I30: user135@example.com
A31: EMP1029 | B31: Bob Johnson | C31: Marketing | D31: UK | E31: 92959 | F31: 42211 | G31: 5 | I31: user83@example.com
A32: EMP1030 | C32: Marketing | E32: 92259 | G32: 1 | H32: Unknown | I32: user109@example.com
A33: EMP1031 | B33: Eve Adams | C33: HR | D33: Germany | E33: 92299 | F33: 42225 | G33: 3 | H33: Male | I33: user143@example.com
A34: EMP1032 | B34: Sam Wilson | C34: HR | E34: 95586 | F34: 42232 | G34: 3 | H34: Other | I34: user190@example.com
A35: EMP1033 | B35: Chris Lee | D35: USA | E35: 95367 | F35: 42239 | H35: Male | I35: user136@example.com
A36: EMP1034 | B36: John Doe | C36: Sales | D36: Australia | E36: 79549 | F36: 42246 | G36: 3 | I36: user198@example.com
A37: EMP1035 | B37: Alice Brown | D37: UK | E37: 54463 | F37: 42253 | G37: 4 | H37: Male | I37: invalid_email
A38: EMP1036 | B38: Alice Brown | C38: IT | D38: USA | E38: 89781 | F38: 42260 | H38: Female | I38: user31@example.com
A39: EMP1037 | B39: Alice Brown | C39: HR | E39: 64796 | F39: 42267 | H39: Other | I39: user98@example.com
A40: EMP1038 | B40: John Doe | C40: Marketing | D40: UK | E40: 52093 | F40: 42274 | G40: 5 | I40: user154@example.com
A41: EMP1039 | B41: Chris Lee | C41: HR | D41: UK | E41: 48224 | F41: 42281 | G41: 3 | I41: user42@example.com
A42: EMP1040 | B42: Bob Johnson | C42: Finance | D42: UK | E42: N/A | G42: 4 | H42: Female | I42: user89@example.com
A43: EMP1041 | B43: Alice Brown | C43: IT | D43: Germany | E43: 33956 | F43: 42295 | I43: user47@example.com
A44: EMP1042 | B44: Bob Johnson | D44: Australia | E44: 64913 | F44: 42302 | G44: 1 | H44: Female | I44: user175@example.com
A45: EMP1043 | B45: Alice Brown | C45: Marketing | D45: Australia | E45: 35326 | F45: 42309 | H45: Female | I45: user57@example.com
A46: EMP1044 | B46: Chris Lee | C46: Finance | E46: 81610 | F46: 42316 | G46: 1 | I46: user20@example.com
A47: EMP1045 | C47: HR | E47: 58962 | F47: 42323 | G47: 3 | H47: Other | I47: user106@example.com
A48: EMP1046 | B48: Chris Lee | C48: IT | D48: Germany | E48: 92701 | F48: 42330 | G48: 3 | H48: Other | I48: user199@example.com
A49: EMP1047 | B49: Chris Lee | C49: HR | D49: India | E49: 58245 | F49: 42337 | G49: 4 | I49: user43@example.com
A50: EMP1048 | B50: John Doe | C50: Finance | E50: 66513 | F50: 42344 | G50: 2 | H50: Other | I50: user24@example.com
A51: EMP1049 | B51: Eve Adams | C51: HR | D51: Germany | E51: 78720 | F51: 42351 | G51: 5 | H51: Female | I51: user89@example.com
A52: EMP1050 | B52: Chris Lee | E52: 30686 | G52: 2 | H52: Female | I52: user95@example.com
A53: EMP1051 | B53: Sam Wilson | C53: Sales | D53: India | E53: 39423 | F53: 42365 | G53: 5 | I53: user59@example.com
A54: EMP1052 | B54: Eve Adams | C54: Marketing | E54: 30280 | F54: 42372 | G54: 1 | I54: user152@example.com
A55: EMP1053 | B55: Eve Adams | C55: Finance | D55: UK | E55: 33352 | F55: 42379 | G55: 3 | H55: Female | I55: user200@example.com
A56: EMP1054 | B56: Bob Johnson | C56: Marketing | D56: UK | E56: 75633 | F56: 42386 | G56: 5 | H56: Other | I56: user92@example.com
A57: EMP1055 | B57: Chris Lee | D57: USA | E57: 74815 | F57: 42393 | G57: 5 | H57: Female | I57: user50@example.com
A58: EMP1056 | B58: John Doe | C58: Sales | D58: Australia | E58: 60011 | F58: 42400 | G58: 1 | H58: Male | I58: user63@example.com
A59: EMP1057 | B59: Eve Adams | D59: India | E59: 96949 | F59: 42407 | G59: 3 | I59: user103@example.com
A60: EMP1058 | B60: Sam Wilson | C60: Marketing | E60: 84924 | F60: 42414 | G60: 5 | H60: Male | I60: user150@example.com
A61: EMP1059 | B61: Sam Wilson | C61: Finance | D61: USA | E61: 82033 | F61: 42421 | G61: 1 | I61: user20@example.com
A62: EMP1060 | C62: Marketing | D62: Germany | E62: N/A | G62: 5 | H62: Unknown | I62: user112@example.com
A63: EMP1061 | B63: Eve Adams | D63: Australia | E63: 31499 | F63: 42435 | G63: 2 | I63: user31@example.com
A64: EMP1062 | B64: Chris Lee | C64: IT | D64: UK | E64: 97981 | F64: 42442 | G64: 5 | H64: Female | I64: user71@example.com
A65: EMP1063 | B65: Eve Adams | C65: HR | D65: USA | E65: 36541 | F65: 42449 | G65: 2 | H65: Other | I65: user97@example.com
A66: EMP1064 | B66: John Doe | C66: IT | D66: India | E66: 84737 | F66: 42456 | G66: 1 | H66: Male | I66: user141@example.com
A67: EMP1065 | B67: Sam Wilson | C67: Finance | D67: India | E67: 33468 | F67: 42463 | G67: 4 | H67: Male | I67: user125@example.com
A68: EMP1066 | B68: Sam Wilson | D68: Australia | E68: 96365 | F68: 42470 | G68: 3 | H68: Other | I68: user90@example.com
A69: EMP1067 | B69: Alice Brown | C69: Sales | D69: India | E69: 61942 | F69: 42477 | G69: 3 | H69: Female | I69: user192@example.com
A70: EMP1068 | B70: Sam Wilson | C70: Finance | D70: UK | E70: 41467 | F70: 42484 | G70: 2 | I70: user77@example.com
A71: EMP1069 | B71: Bob Johnson | C71: Finance | D71: India | E71: 77096 | F71: 42491 | G71: 1 | I71: user65@example.com
A72: EMP1070 | B72: Eve Adams | C72: Sales | D72: Australia | E72: 69952 | F72: 42498 | G72: 5 | H72: Female | I72: invalid_email
A73: EMP1071 | B73: Eve Adams | C73: Marketing | D73: USA | E73: 85065 | F73: 42505 | G73: 3 | I73: user142@example.com
A74: EMP1072 | B74: Bob Johnson | C74: Marketing | D74: India | E74: 56512 | F74: 42512 | H74: Other | I74: user153@example.com
A75: EMP1073 | B75: John Doe | C75: Sales | D75: India | E75: 91101 | F75: 42519 | G75: 4 | H75: Female | I75: user71@example.com
A76: EMP1074 | B76: Sam Wilson | D76: Germany | E76: 41243 | F76: 42526 | I76: user143@example.com
A77: EMP1075 | C77: Sales | E77: 96142 | F77: 42533 | G77: 1 | H77: Other | I77: user17@example.com
A78: EMP1076 | B78: Eve Adams | C78: IT | D78: India | E78: 94301 | F78: 42540 | G78: 1 | H78: Male | I78: user20@example.com
A79: EMP1077 | B79: Jane Smith | D79: UK | E79: 69166 | F79: 42547 | G79: 1 | H79: Female | I79: user22@example.com
A80: EMP1078 | B80: Sam Wilson | D80: UK | E80: 78245 | F80: 42554 | G80: 2 | I80: user46@example.com
A81: EMP1079 | B81: Chris Lee | C81: Sales | D81: USA | E81: 66079 | F81: 42561 | G81: 2 | H81: Other | I81: user55@example.com
A82: EMP1080 | B82: Eve Adams | C82: Marketing | D82: India | E82: N/A | I82: user135@example.com
A83: EMP1081 | B83: Jane Smith | C83: Sales | D83: USA | E83: 95621 | F83: 42575 | G83: 3 | H83: Female | I83: user156@example.com
A84: EMP1082 | B84: Eve Adams | C84: IT | D84: UK | E84: 42262 | F84: 42582 | G84: 1 | I84: user104@example.com
A85: EMP1083 | B85: Sam Wilson | C85: Sales | D85: India | E85: 99621 | F85: 42589 | H85: Other | I85: user145@example.com
A86: EMP1084 | B86: John Doe | C86: Marketing | D86: India | E86: 44682 | F86: 42596 | G86: 4 | H86: Female | I86: user47@example.com
A87: EMP1085 | B87: Chris Lee | C87: Finance | E87: 35163 | F87: 42603 | G87: 5 | H87: Other | I87: user197@example.com
A88: EMP1086 | B88: Chris Lee | C88: IT | D88: India | E88: 33483 | F88: 42610 | G88: 4 | H88: Male | I88: user177@example.com
A89: EMP1087 | B89: Sam Wilson | C89: HR | D89: Germany | E89: 55303 | F89: 42617 | G89: 4 | H89: Male | I89: user149@example.com
A90: EMP1088 | B90: Chris Lee | C90: IT | E90: 63434 | F90: 42624 | G90: 3 | I90: user48@example.com
A91: EMP1089 | B91: Jane Smith | D91: Australia | E91: 38830 | F91: 42631 | G91: 3 | H91: Other | I91: user149@example.com
A92: EMP1090 | C92: Marketing | D92: UK | E92: 50741 | F92: 42638 | G92: 3 | H92: Unknown | I92: user65@example.com
A93: EMP1091 | B93: Alice Brown | C93: HR | D93: Australia | E93: 69420 | F93: 42645 | G93: 1 | H93: Male | I93: user43@example.com
A94: EMP1092 | B94: Jane Smith | C94: IT | E94: 80588 | F94: 42652 | G94: 5 | H94: Male | I94: user98@example.com
A95: EMP1093 | B95: Alice Brown | D95: USA | E95: 76238 | F95: 42659 | G95: 4 | H95: Male | I95: user102@example.com
A96: EMP1094 | B96: Bob Johnson | C96: IT | D96: India | E96: 33264 | F96: 42666 | H96: Female | I96: user148@example.com
A97: EMP1095 | B97: Alice Brown | C97: Finance | D97: Australia | E97: 96101 | F97: 42673 | H97: Other | I97: user155@example.com
A98: EMP1096 | B98: Jane Smith | C98: Finance | D98: USA | E98: 72939 | F98: 42680 | G98: 3 | I98: user191@example.com
A99: EMP1097 | B99: Sam Wilson | C99: HR | D99: Germany | E99: 89333 | F99: 42687 | G99: 1 | H99: Male | I99: user113@example.com
A100: EMP1098 | B100: Bob Johnson | C100: IT | D100: Australia | E100: 70470 | F100: 42694 | H100: Male | I100: user62@example.com
...

Sheet Day-2 Observations
G3: Day 2 – Data Entry & Formatting
F4: No. | G4: Observation
F5: 1 | G5: The header row was formatted using bold text, background color, and center alignment.
F6: 2 | G6: Row and column insertion and deletion were practiced without changing the employee data.
F7: 3 | G7: Column widths were adjusted to make the employee information easier to read.
F8: 4 | G8: The dataset was organized and formatted to improve readability for further analysis.

Sheet Day-3 Clean Dataset
A1: Employee ID | B1: Name | C1: Department | D1: Country | E1: Salary | F1: Date of Joining | G1: Performance Rating | H1: Gender | I1: Email | J1: Metric | K1: Salary | L1: Performance Rating
A2: EMP1000 | C2: Finance | E2: N/A | G2: 2 | H2: Unknown | I2: invalid_email | J2: Total Salary | K2: =SUM(E:E) -> 9411892 | L2: =SUM(G:G) -> 359
A3: EMP1001 | B3: Eve Adams | C3: HR | D3: Germany | E3: 54255 | F3: 42015 | G3: 1 | H3: Other | I3: user106@example.com | J3: Average Salary | K3: =AVERAGE(E:E) -> 66280.93 | L3: =AVERAGE(G:G) -> 2.872
A4: EMP1002 | B4: Alice Brown | C4: Finance | D4: Germany | E4: 63184 | F4: 42022 | G4: 2 | I4: user176@example.com | J4: Minimum Salary | K4: =MIN(E:E) -> 30280 | L4: =MIN(G:G) -> 1
A5: EMP1003 | B5: John Doe | C5: Sales | D5: USA | E5: 94406 | F5: 42029 | G5: 1 | H5: Male | I5: user168@example.com | J5: Maximum Salary | K5: =MAX(E:E) -> 99621 | L5: =MAX(G:G) -> 5
A6: EMP1004 | B6: Jane Smith | C6: Sales | D6: Germany | E6: 64120 | F6: 42036 | G6: 1 | H6: Male | I6: user49@example.com | J6: Count Salary | K6: =COUNT(E:E) -> 142 | L6: =COUNT(G:G) -> 125
A7: EMP1005 | B7: Alice Brown | C7: IT | D7: India | E7: 78421 | F7: 42043 | G7: 2 | H7: Female | I7: user24@example.com
A8: EMP1006 | B8: Sam Wilson | C8: Sales | E8: 67721 | F8: 42050 | H8: Male | I8: user168@example.com
A9: EMP1007 | B9: Chris Lee | C9: Marketing | E9: 35364 | F9: 42057 | G9: 2 | H9: Other | I9: user26@example.com
A10: EMP1008 | B10: Alice Brown | C10: IT | D10: Germany | E10: 97881 | F10: 42064 | H10: Female | I10: user25@example.com
A11: EMP1009 | B11: Chris Lee | C11: HR | D11: UK | E11: 91846 | F11: 42071 | H11: Male | I11: user153@example.com
A12: EMP1010 | B12: Sam Wilson | C12: Finance | D12: UK | E12: 64247 | F12: 42078 | G12: 1 | H12: Female | I12: user18@example.com
A13: EMP1011 | B13: Sam Wilson | C13: IT | D13: USA | E13: 91180 | F13: 42085 | G13: 5 | H13: Male | I13: user1@example.com
A14: EMP1012 | B14: Bob Johnson | C14: Sales | E14: 96418 | F14: 42092 | G14: 5 | H14: Male | I14: user106@example.com
A15: EMP1013 | B15: Sam Wilson | D15: India | E15: 62158 | F15: 42099 | G15: 4 | I15: user180@example.com
A16: EMP1014 | B16: Jane Smith | C16: HR | E16: 59894 | F16: 42106 | G16: 2 | H16: Male | I16: user184@example.com
A17: EMP1015 | C17: IT | D17: India | E17: 92443 | F17: 42113 | G17: 3 | H17: Other | I17: user3@example.com
A18: EMP1016 | B18: Bob Johnson | D18: Germany | E18: 90271 | F18: 42120 | I18: user64@example.com
A19: EMP1017 | B19: Jane Smith | C19: Finance | D19: Australia | E19: 41341 | F19: 42127 | G19: 1 | H19: Other | I19: user38@example.com
A20: EMP1018 | B20: Alice Brown | C20: Finance | D20: UK | E20: 73602 | F20: 42134 | I20: user96@example.com
A21: EMP1019 | B21: Eve Adams | D21: India | E21: 67531 | F21: 42141 | G21: 5 | H21: Female | I21: user151@example.com
A22: EMP1020 | B22: Jane Smith | C22: HR | D22: USA | E22: N/A | F22: 42148 | G22: 2 | H22: Other | I22: user200@example.com
A23: EMP1021 | B23: Jane Smith | C23: HR | E23: 98922 | F23: 42155 | G23: 4 | I23: user77@example.com
A24: EMP1022 | B24: Eve Adams | C24: Finance | D24: India | E24: 38333 | F24: 42162 | G24: 5 | I24: user128@example.com
A25: EMP1023 | B25: Alice Brown | C25: Marketing | D25: UK | E25: 36515 | F25: 42169 | G25: 3 | H25: Male | I25: user149@example.com
A26: EMP1024 | B26: Sam Wilson | C26: Finance | E26: 91005 | F26: 42176 | G26: 1 | H26: Other | I26: user122@example.com
A27: EMP1025 | B27: Chris Lee | E27: 52272 | F27: 42183 | G27: 3 | I27: user41@example.com
A28: EMP1026 | B28: Eve Adams | C28: Sales | D28: Germany | E28: 76518 | F28: 42190 | G28: 2 | H28: Female | I28: user68@example.com
A29: EMP1027 | B29: Alice Brown | C29: IT | D29: UK | E29: 41448 | F29: 42197 | G29: 3 | H29: Other | I29: user103@example.com
A30: EMP1028 | B30: John Doe | C30: HR | D30: UK | E30: 49282 | F30: 42204 | G30: 2 | H30: Female | I30: user135@example.com
A31: EMP1029 | B31: Bob Johnson | C31: Marketing | D31: UK | E31: 92959 | F31: 42211 | G31: 5 | I31: user83@example.com
A32: EMP1030 | C32: Marketing | E32: 92259 | G32: 1 | H32: Unknown | I32: user109@example.com
A33: EMP1031 | B33: Eve Adams | C33: HR | D33: Germany | E33: 92299 | F33: 42225 | G33: 3 | H33: Male | I33: user143@example.com
A34: EMP1032 | B34: Sam Wilson | C34: HR | E34: 95586 | F34: 42232 | G34: 3 | H34: Other | I34: user190@example.com
A35: EMP1033 | B35: Chris Lee | D35: USA | E35: 95367 | F35: 42239 | H35: Male | I35: user136@example.com
A36: EMP1034 | B36: John Doe | C36: Sales | D36: Australia | E36: 79549 | F36: 42246 | G36: 3 | I36: user198@example.com
A37: EMP1035 | B37: Alice Brown | D37: UK | E37: 54463 | F37: 42253 | G37: 4 | H37: Male | I37: invalid_email
A38: EMP1036 | B38: Alice Brown | C38: IT | D38: USA | E38: 89781 | F38: 42260 | H38: Female | I38: user31@example.com
A39: EMP1037 | B39: Alice Brown | C39: HR | E39: 64796 | F39: 42267 | H39: Other | I39: user98@example.com
A40: EMP1038 | B40: John Doe | C40: Marketing | D40: UK | E40: 52093 | F40: 42274 | G40: 5 | I40: user154@example.com
A41: EMP1039 | B41: Chris Lee | C41: HR | D41: UK | E41: 48224 | F41: 42281 | G41: 3 | I41: user42@example.com
A42: EMP1040 | B42: Bob Johnson | C42: Finance | D42: UK | E42: N/A | G42: 4 | H42: Female | I42: user89@example.com
A43: EMP1041 | B43: Alice Brown | C43: IT | D43: Germany | E43: 33956 | F43: 42295 | I43: user47@example.com
A44: EMP1042 | B44: Bob Johnson | D44: Australia | E44: 64913 | F44: 42302 | G44: 1 | H44: Female | I44: user175@example.com
A45: EMP1043 | B45: Alice Brown | C45: Marketing | D45: Australia | E45: 35326 | F45: 42309 | H45: Female | I45: user57@example.com
A46: EMP1044 | B46: Chris Lee | C46: Finance | E46: 81610 | F46: 42316 | G46: 1 | I46: user20@example.com
A47: EMP1045 | C47: HR | E47: 58962 | F47: 42323 | G47: 3 | H47: Other | I47: user106@example.com
A48: EMP1046 | B48: Chris Lee | C48: IT | D48: Germany | E48: 92701 | F48: 42330 | G48: 3 | H48: Other | I48: user199@example.com
A49: EMP1047 | B49: Chris Lee | C49: HR | D49: India | E49: 58245 | F49: 42337 | G49: 4 | I49: user43@example.com
A50: EMP1048 | B50: John Doe | C50: Finance | E50: 66513 | F50: 42344 | G50: 2 | H50: Other | I50: user24@example.com
A51: EMP1049 | B51: Eve Adams | C51: HR | D51: Germany | E51: 78720 | F51: 42351 | G51: 5 | H51: Female | I51: user89@example.com
A52: EMP1050 | B52: Chris Lee | E52: 30686 | G52: 2 | H52: Female | I52: user95@example.com
A53: EMP1051 | B53: Sam Wilson | C53: Sales | D53: India | E53: 39423 | F53: 42365 | G53: 5 | I53: user59@example.com
A54: EMP1052 | B54: Eve Adams | C54: Marketing | E54: 30280 | F54: 42372 | G54: 1 | I54: user152@example.com
A55: EMP1053 | B55: Eve Adams | C55: Finance | D55: UK | E55: 33352 | F55: 42379 | G55: 3 | H55: Female | I55: user200@example.com
A56: EMP1054 | B56: Bob Johnson | C56: Marketing | D56: UK | E56: 75633 | F56: 42386 | G56: 5 | H56: Other | I56: user92@example.com
A57: EMP1055 | B57: Chris Lee | D57: USA | E57: 74815 | F57: 42393 | G57: 5 | H57: Female | I57: user50@example.com
A58: EMP1056 | B58: John Doe | C58: Sales | D58: Australia | E58: 60011 | F58: 42400 | G58: 1 | H58: Male | I58: user63@example.com
A59: EMP1057 | B59: Eve Adams | D59: India | E59: 96949 | F59: 42407 | G59: 3 | I59: user103@example.com
A60: EMP1058 | B60: Sam Wilson | C60: Marketing | E60: 84924 | F60: 42414 | G60: 5 | H60: Male | I60: user150@example.com
A61: EMP1059 | B61: Sam Wilson | C61: Finance | D61: USA | E61: 82033 | F61: 42421 | G61: 1 | I61: user20@example.com
A62: EMP1060 | C62: Marketing | D62: Germany | E62: N/A | G62: 5 | H62: Unknown | I62: user112@example.com
A63: EMP1061 | B63: Eve Adams | D63: Australia | E63: 31499 | F63: 42435 | G63: 2 | I63: user31@example.com
A64: EMP1062 | B64: Chris Lee | C64: IT | D64: UK | E64: 97981 | F64: 42442 | G64: 5 | H64: Female | I64: user71@example.com
A65: EMP1063 | B65: Eve Adams | C65: HR | D65: USA | E65: 36541 | F65: 42449 | G65: 2 | H65: Other | I65: user97@example.com
A66: EMP1064 | B66: John Doe | C66: IT | D66: India | E66: 84737 | F66: 42456 | G66: 1 | H66: Male | I66: user141@example.com
A67: EMP1065 | B67: Sam Wilson | C67: Finance | D67: India | E67: 33468 | F67: 42463 | G67: 4 | H67: Male | I67: user125@example.com
A68: EMP1066 | B68: Sam Wilson | D68: Australia | E68: 96365 | F68: 42470 | G68: 3 | H68: Other | I68: user90@example.com
A69: EMP1067 | B69: Alice Brown | C69: Sales | D69: India | E69: 61942 | F69: 42477 | G69: 3 | H69: Female | I69: user192@example.com
A70: EMP1068 | B70: Sam Wilson | C70: Finance | D70: UK | E70: 41467 | F70: 42484 | G70: 2 | I70: user77@example.com
A71: EMP1069 | B71: Bob Johnson | C71: Finance | D71: India | E71: 77096 | F71: 42491 | G71: 1 | I71: user65@example.com
A72: EMP1070 | B72: Eve Adams | C72: Sales | D72: Australia | E72: 69952 | F72: 42498 | G72: 5 | H72: Female | I72: invalid_email
A73: EMP1071 | B73: Eve Adams | C73: Marketing | D73: USA | E73: 85065 | F73: 42505 | G73: 3 | I73: user142@example.com
A74: EMP1072 | B74: Bob Johnson | C74: Marketing | D74: India | E74: 56512 | F74: 42512 | H74: Other | I74: user153@example.com
A75: EMP1073 | B75: John Doe | C75: Sales | D75: India | E75: 91101 | F75: 42519 | G75: 4 | H75: Female | I75: user71@example.com
A76: EMP1074 | B76: Sam Wilson | D76: Germany | E76: 41243 | F76: 42526 | I76: user143@example.com
A77: EMP1075 | C77: Sales | E77: 96142 | F77: 42533 | G77: 1 | H77: Other | I77: user17@example.com
A78: EMP1076 | B78: Eve Adams | C78: IT | D78: India | E78: 94301 | F78: 42540 | G78: 1 | H78: Male | I78: user20@example.com
A79: EMP1077 | B79: Jane Smith | D79: UK | E79: 69166 | F79: 42547 | G79: 1 | H79: Female | I79: user22@example.com
A80: EMP1078 | B80: Sam Wilson | D80: UK | E80: 78245 | F80: 42554 | G80: 2 | I80: user46@example.com
A81: EMP1079 | B81: Chris Lee | C81: Sales | D81: USA | E81: 66079 | F81: 42561 | G81: 2 | H81: Other | I81: user55@example.com
A82: EMP1080 | B82: Eve Adams | C82: Marketing | D82: India | E82: N/A | I82: user135@example.com
A83: EMP1081 | B83: Jane Smith | C83: Sales | D83: USA | E83: 95621 | F83: 42575 | G83: 3 | H83: Female | I83: user156@example.com
A84: EMP1082 | B84: Eve Adams | C84: IT | D84: UK | E84: 42262 | F84: 42582 | G84: 1 | I84: user104@example.com
A85: EMP1083 | B85: Sam Wilson | C85: Sales | D85: India | E85: 99621 | F85: 42589 | H85: Other | I85: user145@example.com
A86: EMP1084 | B86: John Doe | C86: Marketing | D86: India | E86: 44682 | F86: 42596 | G86: 4 | H86: Female | I86: user47@example.com
A87: EMP1085 | B87: Chris Lee | C87: Finance | E87: 35163 | F87: 42603 | G87: 5 | H87: Other | I87: user197@example.com
A88: EMP1086 | B88: Chris Lee | C88: IT | D88: India | E88: 33483 | F88: 42610 | G88: 4 | H88: Male | I88: user177@example.com
A89: EMP1087 | B89: Sam Wilson | C89: HR | D89: Germany | E89: 55303 | F89: 42617 | G89: 4 | H89: Male | I89: user149@example.com
A90: EMP1088 | B90: Chris Lee | C90: IT | E90: 63434 | F90: 42624 | G90: 3 | I90: user48@example.com
A91: EMP1089 | B91: Jane Smith | D91: Australia | E91: 38830 | F91: 42631 | G91: 3 | H91: Other | I91: user149@example.com
A92: EMP1090 | C92: Marketing | D92: UK | E92: 50741 | F92: 42638 | G92: 3 | H92: Unknown | I92: user65@example.com
A93: EMP1091 | B93: Alice Brown | C93: HR | D93: Australia | E93: 69420 | F93: 42645 | G93: 1 | H93: Male | I93: user43@example.com
A94: EMP1092 | B94: Jane Smith | C94: IT | E94: 80588 | F94: 42652 | G94: 5 | H94: Male | I94: user98@example.com
A95: EMP1093 | B95: Alice Brown | D95: USA | E95: 76238 | F95: 42659 | G95: 4 | H95: Male | I95: user102@example.com
A96: EMP1094 | B96: Bob Johnson | C96: IT | D96: India | E96: 33264 | F96: 42666 | H96: Female | I96: user148@example.com
A97: EMP1095 | B97: Alice Brown | C97: Finance | D97: Australia | E97: 96101 | F97: 42673 | H97: Other | I97: user155@example.com
A98: EMP1096 | B98: Jane Smith | C98: Finance | D98: USA | E98: 72939 | F98: 42680 | G98: 3 | I98: user191@example.com
A99: EMP1097 | B99: Sam Wilson | C99: HR | D99: Germany | E99: 89333 | F99: 42687 | G99: 1 | H99: Male | I99: user113@example.com
A100: EMP1098 | B100: Bob Johnson | C100: IT | D100: Australia | E100: 70470 | F100: 42694 | H100: Male | I100: user62@example.com
...

Sheet Day-3 Observations
I3: Day 3 – Basic Excel Formulas (Part 1)
H4: No. | I4: Observation
H5: 1 | I5: The SUM function was used to calculate the total Salary and Performance Rating.
H6: 2 | I6: The AVERAGE function was used to calculate the average Salary and Performance Rating.
H7: 3 | I7: The MIN and MAX functions were used to identify the minimum and maximum values.
H8: 4 | I8: The COUNT function counted the numeric values in the Salary and Performance Rating columns.

Sheet Day-4 Clean Dataset
A1: Employee ID | B1: Name | C1: Department | D1: Country | E1: Salary | F1: Date of Joining | G1: Performance Rating | H1: Gender | I1: Email | J1: Metric | K1: Salary | L1: Performance Rating | M1: Salary Category | N1: Condition | O1: Count
A2: EMP1000 | C2: Finance | E2: N/A | G2: 2 | H2: Unknown | I2: invalid_email | J2: Total Salary | K2: =SUM(E:E) -> 9411892 | L2: =SUM(G:G) -> 359 | M2: =IF(E2="N/A","N/A",IF(E2>=70000,"High","Low")) -> N/A | N2: Salary >= 70000 | O2: =COUNTIF(E:E,">=70000") -> 63
A3: EMP1001 | B3: Eve Adams | C3: HR | D3: Germany | E3: 54255 | F3: 42015 | G3: 1 | H3: Other | I3: user106@example.com | J3: Average Salary | K3: =AVERAGE(E:E) -> 66280.93 | L3: =AVERAGE(G:G) -> 2.872 | M3: =IF(E3="N/A","N/A",IF(E3>=70000,"High","Low")) -> Low | N3: Performance Rating >= 4 | O3: =COUNTIF(G:G,">=4") -> 42
A4: EMP1002 | B4: Alice Brown | C4: Finance | D4: Germany | E4: 63184 | F4: 42022 | G4: 2 | I4: user176@example.com | J4: Minimum Salary | K4: =MIN(E:E) -> 30280 | L4: =MIN(G:G) -> 1 | M4: =IF(E4="N/A","N/A",IF(E4>=70000,"High","Low")) -> Low | N4: Department = IT | O4: =COUNTIF(C:C,"IT") -> 25
A5: EMP1003 | B5: John Doe | C5: Sales | D5: USA | E5: 94406 | F5: 42029 | G5: 1 | H5: Male | I5: user168@example.com | J5: Maximum Salary | K5: =MAX(E:E) -> 99621 | L5: =MAX(G:G) -> 5 | M5: =IF(E5="N/A","N/A",IF(E5>=70000,"High","Low")) -> High | N5: Total Salary - IT | O5: =SUMIF(C:C,"IT",E:E) -> 1587780
A6: EMP1004 | B6: Jane Smith | C6: Sales | D6: Germany | E6: 64120 | F6: 42036 | G6: 1 | H6: Male | I6: user49@example.com | J6: Count Salary | K6: =COUNT(E:E) -> 142 | L6: =COUNT(G:G) -> 125 | M6: =IF(E6="N/A","N/A",IF(E6>=70000,"High","Low")) -> Low | N6: Average Salary - IT | O6: =AVERAGEIF(C:C,"IT",E:E) -> 66157.5
A7: EMP1005 | B7: Alice Brown | C7: IT | D7: India | E7: 78421 | F7: 42043 | G7: 2 | H7: Female | I7: user24@example.com | M7: =IF(E7="N/A","N/A",IF(E7>=70000,"High","Low")) -> High
A8: EMP1006 | B8: Sam Wilson | C8: Sales | E8: 67721 | F8: 42050 | H8: Male | I8: user168@example.com | M8: =IF(E8="N/A","N/A",IF(E8>=70000,"High","Low")) -> Low
A9: EMP1007 | B9: Chris Lee | C9: Marketing | E9: 35364 | F9: 42057 | G9: 2 | H9: Other | I9: user26@example.com | M9: =IF(E9="N/A","N/A",IF(E9>=70000,"High","Low")) -> Low
A10: EMP1008 | B10: Alice Brown | C10: IT | D10: Germany | E10: 97881 | F10: 42064 | H10: Female | I10: user25@example.com | M10: =IF(E10="N/A","N/A",IF(E10>=70000,"High","Low")) -> High
A11: EMP1009 | B11: Chris Lee | C11: HR | D11: UK | E11: 91846 | F11: 42071 | H11: Male | I11: user153@example.com | M11: =IF(E11="N/A","N/A",IF(E11>=70000,"High","Low")) -> High
A12: EMP1010 | B12: Sam Wilson | C12: Finance | D12: UK | E12: 64247 | F12: 42078 | G12: 1 | H12: Female | I12: user18@example.com | M12: =IF(E12="N/A","N/A",IF(E12>=70000,"High","Low")) -> Low
A13: EMP1011 | B13: Sam Wilson | C13: IT | D13: USA | E13: 91180 | F13: 42085 | G13: 5 | H13: Male | I13: user1@example.com | M13: =IF(E13="N/A","N/A",IF(E13>=70000,"High","Low")) -> High
A14: EMP1012 | B14: Bob Johnson | C14: Sales | E14: 96418 | F14: 42092 | G14: 5 | H14: Male | I14: user106@example.com | M14: =IF(E14="N/A","N/A",IF(E14>=70000,"High","Low")) -> High
A15: EMP1013 | B15: Sam Wilson | D15: India | E15: 62158 | F15: 42099 | G15: 4 | I15: user180@example.com | M15: =IF(E15="N/A","N/A",IF(E15>=70000,"High","Low")) -> Low
A16: EMP1014 | B16: Jane Smith | C16: HR | E16: 59894 | F16: 42106 | G16: 2 | H16: Male | I16: user184@example.com | M16: =IF(E16="N/A","N/A",IF(E16>=70000,"High","Low")) -> Low
A17: EMP1015 | C17: IT | D17: India | E17: 92443 | F17: 42113 | G17: 3 | H17: Other | I17: user3@example.com | M17: =IF(E17="N/A","N/A",IF(E17>=70000,"High","Low")) -> High
A18: EMP1016 | B18: Bob Johnson | D18: Germany | E18: 90271 | F18: 42120 | I18: user64@example.com | M18: =IF(E18="N/A","N/A",IF(E18>=70000,"High","Low")) -> High
A19: EMP1017 | B19: Jane Smith | C19: Finance | D19: Australia | E19: 41341 | F19: 42127 | G19: 1 | H19: Other | I19: user38@example.com | M19: =IF(E19="N/A","N/A",IF(E19>=70000,"High","Low")) -> Low
A20: EMP1018 | B20: Alice Brown | C20: Finance | D20: UK | E20: 73602 | F20: 42134 | I20: user96@example.com | M20: =IF(E20="N/A","N/A",IF(E20>=70000,"High","Low")) -> High
A21: EMP1019 | B21: Eve Adams | D21: India | E21: 67531 | F21: 42141 | G21: 5 | H21: Female | I21: user151@example.com | M21: =IF(E21="N/A","N/A",IF(E21>=70000,"High","Low")) -> Low
A22: EMP1020 | B22: Jane Smith | C22: HR | D22: USA | E22: N/A | F22: 42148 | G22: 2 | H22: Other | I22: user200@example.com | M22: =IF(E22="N/A","N/A",IF(E22>=70000,"High","Low")) -> N/A
A23: EMP1021 | B23: Jane Smith | C23: HR | E23: 98922 | F23: 42155 | G23: 4 | I23: user77@example.com | M23: =IF(E23="N/A","N/A",IF(E23>=70000,"High","Low")) -> High
A24: EMP1022 | B24: Eve Adams | C24: Finance | D24: India | E24: 38333 | F24: 42162 | G24: 5 | I24: user128@example.com | M24: =IF(E24="N/A","N/A",IF(E24>=70000,"High","Low")) -> Low
A25: EMP1023 | B25: Alice Brown | C25: Marketing | D25: UK | E25: 36515 | F25: 42169 | G25: 3 | H25: Male | I25: user149@example.com | M25: =IF(E25="N/A","N/A",IF(E25>=70000,"High","Low")) -> Low
A26: EMP1024 | B26: Sam Wilson | C26: Finance | E26: 91005 | F26: 42176 | G26: 1 | H26: Other | I26: user122@example.com | M26: =IF(E26="N/A","N/A",IF(E26>=70000,"High","Low")) -> High
A27: EMP1025 | B27: Chris Lee | E27: 52272 | F27: 42183 | G27: 3 | I27: user41@example.com | M27: =IF(E27="N/A","N/A",IF(E27>=70000,"High","Low")) -> Low
A28: EMP1026 | B28: Eve Adams | C28: Sales | D28: Germany | E28: 76518 | F28: 42190 | G28: 2 | H28: Female | I28: user68@example.com | M28: =IF(E28="N/A","N/A",IF(E28>=70000,"High","Low")) -> High
A29: EMP1027 | B29: Alice Brown | C29: IT | D29: UK | E29: 41448 | F29: 42197 | G29: 3 | H29: Other | I29: user103@example.com | M29: =IF(E29="N/A","N/A",IF(E29>=70000,"High","Low")) -> Low
A30: EMP1028 | B30: John Doe | C30: HR | D30: UK | E30: 49282 | F30: 42204 | G30: 2 | H30: Female | I30: user135@example.com | M30: =IF(E30="N/A","N/A",IF(E30>=70000,"High","Low")) -> Low
A31: EMP1029 | B31: Bob Johnson | C31: Marketing | D31: UK | E31: 92959 | F31: 42211 | G31: 5 | I31: user83@example.com | M31: =IF(E31="N/A","N/A",IF(E31>=70000,"High","Low")) -> High
A32: EMP1030 | C32: Marketing | E32: 92259 | G32: 1 | H32: Unknown | I32: user109@example.com | M32: =IF(E32="N/A","N/A",IF(E32>=70000,"High","Low")) -> High
A33: EMP1031 | B33: Eve Adams | C33: HR | D33: Germany | E33: 92299 | F33: 42225 | G33: 3 | H33: Male | I33: user143@example.com | M33: =IF(E33="N/A","N/A",IF(E33>=70000,"High","Low")) -> High
A34: EMP1032 | B34: Sam Wilson | C34: HR | E34: 95586 | F34: 42232 | G34: 3 | H34: Other | I34: user190@example.com | M34: =IF(E34="N/A","N/A",IF(E34>=70000,"High","Low")) -> High
A35: EMP1033 | B35: Chris Lee | D35: USA | E35: 95367 | F35: 42239 | H35: Male | I35: user136@example.com | M35: =IF(E35="N/A","N/A",IF(E35>=70000,"High","Low")) -> High
A36: EMP1034 | B36: John Doe | C36: Sales | D36: Australia | E36: 79549 | F36: 42246 | G36: 3 | I36: user198@example.com | M36: =IF(E36="N/A","N/A",IF(E36>=70000,"High","Low")) -> High
A37: EMP1035 | B37: Alice Brown | D37: UK | E37: 54463 | F37: 42253 | G37: 4 | H37: Male | I37: invalid_email | M37: =IF(E37="N/A","N/A",IF(E37>=70000,"High","Low")) -> Low
A38: EMP1036 | B38: Alice Brown | C38: IT | D38: USA | E38: 89781 | F38: 42260 | H38: Female | I38: user31@example.com | M38: =IF(E38="N/A","N/A",IF(E38>=70000,"High","Low")) -> High
A39: EMP1037 | B39: Alice Brown | C39: HR | E39: 64796 | F39: 42267 | H39: Other | I39: user98@example.com | M39: =IF(E39="N/A","N/A",IF(E39>=70000,"High","Low")) -> Low
A40: EMP1038 | B40: John Doe | C40: Marketing | D40: UK | E40: 52093 | F40: 42274 | G40: 5 | I40: user154@example.com | M40: =IF(E40="N/A","N/A",IF(E40>=70000,"High","Low")) -> Low
A41: EMP1039 | B41: Chris Lee | C41: HR | D41: UK | E41: 48224 | F41: 42281 | G41: 3 | I41: user42@example.com | M41: =IF(E41="N/A","N/A",IF(E41>=70000,"High","Low")) -> Low
A42: EMP1040 | B42: Bob Johnson | C42: Finance | D42: UK | E42: N/A | G42: 4 | H42: Female | I42: user89@example.com | M42: =IF(E42="N/A","N/A",IF(E42>=70000,"High","Low")) -> N/A
A43: EMP1041 | B43: Alice Brown | C43: IT | D43: Germany | E43: 33956 | F43: 42295 | I43: user47@example.com | M43: =IF(E43="N/A","N/A",IF(E43>=70000,"High","Low")) -> Low
A44: EMP1042 | B44: Bob Johnson | D44: Australia | E44: 64913 | F44: 42302 | G44: 1 | H44: Female | I44: user175@example.com | M44: =IF(E44="N/A","N/A",IF(E44>=70000,"High","Low")) -> Low
A45: EMP1043 | B45: Alice Brown | C45: Marketing | D45: Australia | E45: 35326 | F45: 42309 | H45: Female | I45: user57@example.com | M45: =IF(E45="N/A","N/A",IF(E45>=70000,"High","Low")) -> Low
A46: EMP1044 | B46: Chris Lee | C46: Finance | E46: 81610 | F46: 42316 | G46: 1 | I46: user20@example.com | M46: =IF(E46="N/A","N/A",IF(E46>=70000,"High","Low")) -> High
A47: EMP1045 | C47: HR | E47: 58962 | F47: 42323 | G47: 3 | H47: Other | I47: user106@example.com | M47: =IF(E47="N/A","N/A",IF(E47>=70000,"High","Low")) -> Low
A48: EMP1046 | B48: Chris Lee | C48: IT | D48: Germany | E48: 92701 | F48: 42330 | G48: 3 | H48: Other | I48: user199@example.com | M48: =IF(E48="N/A","N/A",IF(E48>=70000,"High","Low")) -> High
A49: EMP1047 | B49: Chris Lee | C49: HR | D49: India | E49: 58245 | F49: 42337 | G49: 4 | I49: user43@example.com | M49: =IF(E49="N/A","N/A",IF(E49>=70000,"High","Low")) -> Low
A50: EMP1048 | B50: John Doe | C50: Finance | E50: 66513 | F50: 42344 | G50: 2 | H50: Other | I50: user24@example.com | M50: =IF(E50="N/A","N/A",IF(E50>=70000,"High","Low")) -> Low
A51: EMP1049 | B51: Eve Adams | C51: HR | D51: Germany | E51: 78720 | F51: 42351 | G51: 5 | H51: Female | I51: user89@example.com | M51: =IF(E51="N/A","N/A",IF(E51>=70000,"High","Low")) -> High
A52: EMP1050 | B52: Chris Lee | E52: 30686 | G52: 2 | H52: Female | I52: user95@example.com | M52: =IF(E52="N/A","N/A",IF(E52>=70000,"High","Low")) -> Low
A53: EMP1051 | B53: Sam Wilson | C53: Sales | D53: India | E53: 39423 | F53: 42365 | G53: 5 | I53: user59@example.com | M53: =IF(E53="N/A","N/A",IF(E53>=70000,"High","Low")) -> Low
A54: EMP1052 | B54: Eve Adams | C54: Marketing | E54: 30280 | F54: 42372 | G54: 1 | I54: user152@example.com | M54: =IF(E54="N/A","N/A",IF(E54>=70000,"High","Low")) -> Low
A55: EMP1053 | B55: Eve Adams | C55: Finance | D55: UK | E55: 33352 | F55: 42379 | G55: 3 | H55: Female | I55: user200@example.com | M55: =IF(E55="N/A","N/A",IF(E55>=70000,"High","Low")) -> Low
A56: EMP1054 | B56: Bob Johnson | C56: Marketing | D56: UK | E56: 75633 | F56: 42386 | G56: 5 | H56: Other | I56: user92@example.com | M56: =IF(E56="N/A","N/A",IF(E56>=70000,"High","Low")) -> High
A57: EMP1055 | B57: Chris Lee | D57: USA | E57: 74815 | F57: 42393 | G57: 5 | H57: Female | I57: user50@example.com | M57: =IF(E57="N/A","N/A",IF(E57>=70000,"High","Low")) -> High
A58: EMP1056 | B58: John Doe | C58: Sales | D58: Australia | E58: 60011 | F58: 42400 | G58: 1 | H58: Male | I58: user63@example.com | M58: =IF(E58="N/A","N/A",IF(E58>=70000,"High","Low")) -> Low
A59: EMP1057 | B59: Eve Adams | D59: India | E59: 96949 | F59: 42407 | G59: 3 | I59: user103@example.com | M59: =IF(E59="N/A","N/A",IF(E59>=70000,"High","Low")) -> High
A60: EMP1058 | B60: Sam Wilson | C60: Marketing | E60: 84924 | F60: 42414 | G60: 5 | H60: Male | I60: user150@example.com | M60: =IF(E60="N/A","N/A",IF(E60>=70000,"High","Low")) -> High
A61: EMP1059 | B61: Sam Wilson | C61: Finance | D61: USA | E61: 82033 | F61: 42421 | G61: 1 | I61: user20@example.com | M61: =IF(E61="N/A","N/A",IF(E61>=70000,"High","Low")) -> High
A62: EMP1060 | C62: Marketing | D62: Germany | E62: N/A | G62: 5 | H62: Unknown | I62: user112@example.com | M62: =IF(E62="N/A","N/A",IF(E62>=70000,"High","Low")) -> N/A
A63: EMP1061 | B63: Eve Adams | D63: Australia | E63: 31499 | F63: 42435 | G63: 2 | I63: user31@example.com | M63: =IF(E63="N/A","N/A",IF(E63>=70000,"High","Low")) -> Low
A64: EMP1062 | B64: Chris Lee | C64: IT | D64: UK | E64: 97981 | F64: 42442 | G64: 5 | H64: Female | I64: user71@example.com | M64: =IF(E64="N/A","N/A",IF(E64>=70000,"High","Low")) -> High
A65: EMP1063 | B65: Eve Adams | C65: HR | D65: USA | E65: 36541 | F65: 42449 | G65: 2 | H65: Other | I65: user97@example.com | M65: =IF(E65="N/A","N/A",IF(E65>=70000,"High","Low")) -> Low
A66: EMP1064 | B66: John Doe | C66: IT | D66: India | E66: 84737 | F66: 42456 | G66: 1 | H66: Male | I66: user141@example.com | M66: =IF(E66="N/A","N/A",IF(E66>=70000,"High","Low")) -> High
A67: EMP1065 | B67: Sam Wilson | C67: Finance | D67: India | E67: 33468 | F67: 42463 | G67: 4 | H67: Male | I67: user125@example.com | M67: =IF(E67="N/A","N/A",IF(E67>=70000,"High","Low")) -> Low
A68: EMP1066 | B68: Sam Wilson | D68: Australia | E68: 96365 | F68: 42470 | G68: 3 | H68: Other | I68: user90@example.com | M68: =IF(E68="N/A","N/A",IF(E68>=70000,"High","Low")) -> High
A69: EMP1067 | B69: Alice Brown | C69: Sales | D69: India | E69: 61942 | F69: 42477 | G69: 3 | H69: Female | I69: user192@example.com | M69: =IF(E69="N/A","N/A",IF(E69>=70000,"High","Low")) -> Low
A70: EMP1068 | B70: Sam Wilson | C70: Finance | D70: UK | E70: 41467 | F70: 42484 | G70: 2 | I70: user77@example.com | M70: =IF(E70="N/A","N/A",IF(E70>=70000,"High","Low")) -> Low
A71: EMP1069 | B71: Bob Johnson | C71: Finance | D71: India | E71: 77096 | F71: 42491 | G71: 1 | I71: user65@example.com | M71: =IF(E71="N/A","N/A",IF(E71>=70000,"High","Low")) -> High
A72: EMP1070 | B72: Eve Adams | C72: Sales | D72: Australia | E72: 69952 | F72: 42498 | G72: 5 | H72: Female | I72: invalid_email | M72: =IF(E72="N/A","N/A",IF(E72>=70000,"High","Low")) -> Low
A73: EMP1071 | B73: Eve Adams | C73: Marketing | D73: USA | E73: 85065 | F73: 42505 | G73: 3 | I73: user142@example.com | M73: =IF(E73="N/A","N/A",IF(E73>=70000,"High","Low")) -> High
A74: EMP1072 | B74: Bob Johnson | C74: Marketing | D74: India | E74: 56512 | F74: 42512 | H74: Other | I74: user153@example.com | M74: =IF(E74="N/A","N/A",IF(E74>=70000,"High","Low")) -> Low
A75: EMP1073 | B75: John Doe | C75: Sales | D75: India | E75: 91101 | F75: 42519 | G75: 4 | H75: Female | I75: user71@example.com | M75: =IF(E75="N/A","N/A",IF(E75>=70000,"High","Low")) -> High
A76: EMP1074 | B76: Sam Wilson | D76: Germany | E76: 41243 | F76: 42526 | I76: user143@example.com | M76: =IF(E76="N/A","N/A",IF(E76>=70000,"High","Low")) -> Low
A77: EMP1075 | C77: Sales | E77: 96142 | F77: 42533 | G77: 1 | H77: Other | I77: user17@example.com | M77: =IF(E77="N/A","N/A",IF(E77>=70000,"High","Low")) -> High
A78: EMP1076 | B78: Eve Adams | C78: IT | D78: India | E78: 94301 | F78: 42540 | G78: 1 | H78: Male | I78: user20@example.com | M78: =IF(E78="N/A","N/A",IF(E78>=70000,"High","Low")) -> High
A79: EMP1077 | B79: Jane Smith | D79: UK | E79: 69166 | F79: 42547 | G79: 1 | H79: Female | I79: user22@example.com | M79: =IF(E79="N/A","N/A",IF(E79>=70000,"High","Low")) -> Low
A80: EMP1078 | B80: Sam Wilson | D80: UK | E80: 78245 | F80: 42554 | G80: 2 | I80: user46@example.com | M80: =IF(E80="N/A","N/A",IF(E80>=70000,"High","Low")) -> High
A81: EMP1079 | B81: Chris Lee | C81: Sales | D81: USA | E81: 66079 | F81: 42561 | G81: 2 | H81: Other | I81: user55@example.com | M81: =IF(E81="N/A","N/A",IF(E81>=70000,"High","Low")) -> Low
A82: EMP1080 | B82: Eve Adams | C82: Marketing | D82: India | E82: N/A | I82: user135@example.com | M82: =IF(E82="N/A","N/A",IF(E82>=70000,"High","Low")) -> N/A
A83: EMP1081 | B83: Jane Smith | C83: Sales | D83: USA | E83: 95621 | F83: 42575 | G83: 3 | H83: Female | I83: user156@example.com | M83: =IF(E83="N/A","N/A",IF(E83>=70000,"High","Low")) -> High
A84: EMP1082 | B84: Eve Adams | C84: IT | D84: UK | E84: 42262 | F84: 42582 | G84: 1 | I84: user104@example.com | M84: =IF(E84="N/A","N/A",IF(E84>=70000,"High","Low")) -> Low
A85: EMP1083 | B85: Sam Wilson | C85: Sales | D85: India | E85: 99621 | F85: 42589 | H85: Other | I85: user145@example.com | M85: =IF(E85="N/A","N/A",IF(E85>=70000,"High","Low")) -> High
A86: EMP1084 | B86: John Doe | C86: Marketing | D86: India | E86: 44682 | F86: 42596 | G86: 4 | H86: Female | I86: user47@example.com | M86: =IF(E86="N/A","N/A",IF(E86>=70000,"High","Low")) -> Low
A87: EMP1085 | B87: Chris Lee | C87: Finance | E87: 35163 | F87: 42603 | G87: 5 | H87: Other | I87: user197@example.com | M87: =IF(E87="N/A","N/A",IF(E87>=70000,"High","Low")) -> Low
A88: EMP1086 | B88: Chris Lee | C88: IT | D88: India | E88: 33483 | F88: 42610 | G88: 4 | H88: Male | I88: user177@example.com | M88: =IF(E88="N/A","N/A",IF(E88>=70000,"High","Low")) -> Low
A89: EMP1087 | B89: Sam Wilson | C89: HR | D89: Germany | E89: 55303 | F89: 42617 | G89: 4 | H89: Male | I89: user149@example.com | M89: =IF(E89="N/A","N/A",IF(E89>=70000,"High","Low")) -> Low
A90: EMP1088 | B90: Chris Lee | C90: IT | E90: 63434 | F90: 42624 | G90: 3 | I90: user48@example.com | M90: =IF(E90="N/A","N/A",IF(E90>=70000,"High","Low")) -> Low
A91: EMP1089 | B91: Jane Smith | D91: Australia | E91: 38830 | F91: 42631 | G91: 3 | H91: Other | I91: user149@example.com | M91: =IF(E91="N/A","N/A",IF(E91>=70000,"High","Low")) -> Low
A92: EMP1090 | C92: Marketing | D92: UK | E92: 50741 | F92: 42638 | G92: 3 | H92: Unknown | I92: user65@example.com | M92: =IF(E92="N/A","N/A",IF(E92>=70000,"High","Low")) -> Low
A93: EMP1091 | B93: Alice Brown | C93: HR | D93: Australia | E93: 69420 | F93: 42645 | G93: 1 | H93: Male | I93: user43@example.com | M93: =IF(E93="N/A","N/A",IF(E93>=70000,"High","Low")) -> Low
A94: EMP1092 | B94: Jane Smith | C94: IT | E94: 80588 | F94: 42652 | G94: 5 | H94: Male | I94: user98@example.com | M94: =IF(E94="N/A","N/A",IF(E94>=70000,"High","Low")) -> High
A95: EMP1093 | B95: Alice Brown | D95: USA | E95: 76238 | F95: 42659 | G95: 4 | H95: Male | I95: user102@example.com | M95: =IF(E95="N/A","N/A",IF(E95>=70000,"High","Low")) -> High
A96: EMP1094 | B96: Bob Johnson | C96: IT | D96: India | E96: 33264 | F96: 42666 | H96: Female | I96: user148@example.com | M96: =IF(E96="N/A","N/A",IF(E96>=70000,"High","Low")) -> Low
A97: EMP1095 | B97: Alice Brown | C97: Finance | D97: Australia | E97: 96101 | F97: 42673 | H97: Other | I97: user155@example.com | M97: =IF(E97="N/A","N/A",IF(E97>=70000,"High","Low")) -> High
A98: EMP1096 | B98: Jane Smith | C98: Finance | D98: USA | E98: 72939 | F98: 42680 | G98: 3 | I98: user191@example.com | M98: =IF(E98="N/A","N/A",IF(E98>=70000,"High","Low")) -> High
A99: EMP1097 | B99: Sam Wilson | C99: HR | D99: Germany | E99: 89333 | F99: 42687 | G99: 1 | H99: Male | I99: user113@example.com | M99: =IF(E99="N/A","N/A",IF(E99>=70000,"High","Low")) -> High
A100: EMP1098 | B100: Bob Johnson | C100: IT | D100: Australia | E100: 70470 | F100: 42694 | H100: Male | I100: user62@example.com | M100: =IF(E100="N/A","N/A",IF(E100>=70000,"High","Low")) -> High
...

Sheet Day-4 Observations
I3: Day 4 – Basic Excel Formulas (Part 2)
H4: No | I4: Observation
H5: 1 | I5: The IF function was used to categorize employees based on their salary.
H6: 2 | I6: The COUNTIF function was used to count employees based on specific conditions.
H7: 3 | I7: The SUMIF function was used to calculate the total salary for employees in the IT department.
H8: 4 | I8: The AVERAGEIF function was used to calculate the average salary for employees in the IT department.

Sheet Day-5 Clean Dataset
A1: Employee ID | B1: Name | C1: Department | D1: Country | E1: Salary | F1: Date of Joining | G1: Performance Rating | H1: Gender | I1: Email | J1: Metric | K1: Salary | L1: Performance Rating | M1: Salary Category | N1: Condition | O1: Count | P1: First 3 Characters | Q1: Last 3 Characters | R1: Middle Characters | S1: Uppercase Name | T1: Lowercase Department | U1: Proper Department
A2: EMP1000 | C2: Finance | E2: N/A | G2: 2 | H2: Unknown | I2: invalid_email | J2: Total Salary | K2: =SUM(E:E) -> 9411892 | L2: =SUM(G:G) -> 359 | M2: =IF(E2="N/A","N/A",IF(E2>=70000,"High","Low")) -> N/A | N2: Salary >= 70000 | O2: =COUNTIF(E:E,">=70000") -> 63 | P2: =LEFT(B2,3) | Q2: =RIGHT(B2,3) | R2: =MID(B2,3,4) | S2: =UPPER(B2) | T2: =LOWER(C2) -> finance | U2: =PROPER(C2) -> Finance
A3: EMP1001 | B3: Eve Adams | C3: HR | D3: Germany | E3: 54255 | F3: 42015 | G3: 1 | H3: Other | I3: user106@example.com | J3: Average Salary | K3: =AVERAGE(E:E) -> 66280.93 | L3: =AVERAGE(G:G) -> 2.872 | M3: =IF(E3="N/A","N/A",IF(E3>=70000,"High","Low")) -> Low | N3: Performance Rating >= 4 | O3: =COUNTIF(G:G,">=4") -> 42 | P3: =LEFT(B3,3) -> Eve | Q3: =RIGHT(B3,3) -> ams | R3: =MID(B3,3,4) -> e Ad | S3: =UPPER(B3) -> EVE ADAMS | T3: =LOWER(C3) -> hr | U3: =PROPER(C3) -> Hr
A4: EMP1002 | B4: Alice Brown | C4: Finance | D4: Germany | E4: 63184 | F4: 42022 | G4: 2 | I4: user176@example.com | J4: Minimum Salary | K4: =MIN(E:E) -> 30280 | L4: =MIN(G:G) -> 1 | M4: =IF(E4="N/A","N/A",IF(E4>=70000,"High","Low")) -> Low | N4: Department = IT | O4: =COUNTIF(C:C,"IT") -> 25 | P4: =LEFT(B4,3) -> Ali | Q4: =RIGHT(B4,3) -> own | R4: =MID(B4,3,4) -> ice | S4: =UPPER(B4) -> ALICE BROWN | T4: =LOWER(C4) -> finance | U4: =PROPER(C4) -> Finance
A5: EMP1003 | B5: John Doe | C5: Sales | D5: USA | E5: 94406 | F5: 42029 | G5: 1 | H5: Male | I5: user168@example.com | J5: Maximum Salary | K5: =MAX(E:E) -> 99621 | L5: =MAX(G:G) -> 5 | M5: =IF(E5="N/A","N/A",IF(E5>=70000,"High","Low")) -> High | N5: Total Salary - IT | O5: =SUMIF(C:C,"IT",E:E) -> 1587780 | P5: =LEFT(B5,3) -> Joh | Q5: =RIGHT(B5,3) -> Doe | R5: =MID(B5,3,4) -> hn D | S5: =UPPER(B5) -> JOHN DOE | T5: =LOWER(C5) -> sales | U5: =PROPER(C5) -> Sales
A6: EMP1004 | B6: Jane Smith | C6: Sales | D6: Germany | E6: 64120 | F6: 42036 | G6: 1 | H6: Male | I6: user49@example.com | J6: Count Salary | K6: =COUNT(E:E) -> 142 | L6: =COUNT(G:G) -> 125 | M6: =IF(E6="N/A","N/A",IF(E6>=70000,"High","Low")) -> Low | N6: Average Salary - IT | O6: =AVERAGEIF(C:C,"IT",E:E) -> 66157.5 | P6: =LEFT(B6,3) -> Jan | Q6: =RIGHT(B6,3) -> ith | R6: =MID(B6,3,4) -> ne S | S6: =UPPER(B6) -> JANE SMITH | T6: =LOWER(C6) -> sales | U6: =PROPER(C6) -> Sales
A7: EMP1005 | B7: Alice Brown | C7: IT | D7: India | E7: 78421 | F7: 42043 | G7: 2 | H7: Female | I7: user24@example.com | M7: =IF(E7="N/A","N/A",IF(E7>=70000,"High","Low")) -> High | P7: =LEFT(B7,3) -> Ali | Q7: =RIGHT(B7,3) -> own | R7: =MID(B7,3,4) -> ice | S7: =UPPER(B7) -> ALICE BROWN | T7: =LOWER(C7) -> it | U7: =PROPER(C7) -> It
A8: EMP1006 | B8: Sam Wilson | C8: Sales | E8: 67721 | F8: 42050 | H8: Male | I8: user168@example.com | M8: =IF(E8="N/A","N/A",IF(E8>=70000,"High","Low")) -> Low | P8: =LEFT(B8,3) -> Sam | Q8: =RIGHT(B8,3) -> son | R8: =MID(B8,3,4) -> m Wi | S8: =UPPER(B8) -> SAM WILSON | T8: =LOWER(C8) -> sales | U8: =PROPER(C8) -> Sales
A9: EMP1007 | B9: Chris Lee | C9: Marketing | E9: 35364 | F9: 42057 | G9: 2 | H9: Other | I9: user26@example.com | M9: =IF(E9="N/A","N/A",IF(E9>=70000,"High","Low")) -> Low | P9: =LEFT(B9,3) -> Chr | Q9: =RIGHT(B9,3) -> Lee | R9: =MID(B9,3,4) -> ris | S9: =UPPER(B9) -> CHRIS LEE | T9: =LOWER(C9) -> marketing | U9: =PROPER(C9) -> Marketing
A10: EMP1008 | B10: Alice Brown | C10: IT | D10: Germany | E10: 97881 | F10: 42064 | H10: Female | I10: user25@example.com | M10: =IF(E10="N/A","N/A",IF(E10>=70000,"High","Low")) -> High | P10: =LEFT(B10,3) -> Ali | Q10: =RIGHT(B10,3) -> own | R10: =MID(B10,3,4) -> ice | S10: =UPPER(B10) -> ALICE BROWN | T10: =LOWER(C10) -> it | U10: =PROPER(C10) -> It
A11: EMP1009 | B11: Chris Lee | C11: HR | D11: UK | E11: 91846 | F11: 42071 | H11: Male | I11: user153@example.com | M11: =IF(E11="N/A","N/A",IF(E11>=70000,"High","Low")) -> High | P11: =LEFT(B11,3) -> Chr | Q11: =RIGHT(B11,3) -> Lee | R11: =MID(B11,3,4) -> ris | S11: =UPPER(B11) -> CHRIS LEE | T11: =LOWER(C11) -> hr | U11: =PROPER(C11) -> Hr
A12: EMP1010 | B12: Sam Wilson | C12: Finance | D12: UK | E12: 64247 | F12: 42078 | G12: 1 | H12: Female | I12: user18@example.com | M12: =IF(E12="N/A","N/A",IF(E12>=70000,"High","Low")) -> Low | P12: =LEFT(B12,3) -> Sam | Q12: =RIGHT(B12,3) -> son | R12: =MID(B12,3,4) -> m Wi | S12: =UPPER(B12) -> SAM WILSON | T12: =LOWER(C12) -> finance | U12: =PROPER(C12) -> Finance
A13: EMP1011 | B13: Sam Wilson | C13: IT | D13: USA | E13: 91180 | F13: 42085 | G13: 5 | H13: Male | I13: user1@example.com | M13: =IF(E13="N/A","N/A",IF(E13>=70000,"High","Low")) -> High | P13: =LEFT(B13,3) -> Sam | Q13: =RIGHT(B13,3) -> son | R13: =MID(B13,3,4) -> m Wi | S13: =UPPER(B13) -> SAM WILSON | T13: =LOWER(C13) -> it | U13: =PROPER(C13) -> It
A14: EMP1012 | B14: Bob Johnson | C14: Sales | E14: 96418 | F14: 42092 | G14: 5 | H14: Male | I14: user106@example.com | M14: =IF(E14="N/A","N/A",IF(E14>=70000,"High","Low")) -> High | P14: =LEFT(B14,3) -> Bob | Q14: =RIGHT(B14,3) -> son | R14: =MID(B14,3,4) -> b Jo | S14: =UPPER(B14) -> BOB JOHNSON | T14: =LOWER(C14) -> sales | U14: =PROPER(C14) -> Sales
A15: EMP1013 | B15: Sam Wilson | D15: India | E15: 62158 | F15: 42099 | G15: 4 | I15: user180@example.com | M15: =IF(E15="N/A","N/A",IF(E15>=70000,"High","Low")) -> Low | P15: =LEFT(B15,3) -> Sam | Q15: =RIGHT(B15,3) -> son | R15: =MID(B15,3,4) -> m Wi | S15: =UPPER(B15) -> SAM WILSON | T15: =LOWER(C15) | U15: =PROPER(C15)
A16: EMP1014 | B16: Jane Smith | C16: HR | E16: 59894 | F16: 42106 | G16: 2 | H16: Male | I16: user184@example.com | M16: =IF(E16="N/A","N/A",IF(E16>=70000,"High","Low")) -> Low | P16: =LEFT(B16,3) -> Jan | Q16: =RIGHT(B16,3) -> ith | R16: =MID(B16,3,4) -> ne S | S16: =UPPER(B16) -> JANE SMITH | T16: =LOWER(C16) -> hr | U16: =PROPER(C16) -> Hr
A17: EMP1015 | C17: IT | D17: India | E17: 92443 | F17: 42113 | G17: 3 | H17: Other | I17: user3@example.com | M17: =IF(E17="N/A","N/A",IF(E17>=70000,"High","Low")) -> High | P17: =LEFT(B17,3) | Q17: =RIGHT(B17,3) | R17: =MID(B17,3,4) | S17: =UPPER(B17) | T17: =LOWER(C17) -> it | U17: =PROPER(C17) -> It
A18: EMP1016 | B18: Bob Johnson | D18: Germany | E18: 90271 | F18: 42120 | I18: user64@example.com | M18: =IF(E18="N/A","N/A",IF(E18>=70000,"High","Low")) -> High | P18: =LEFT(B18,3) -> Bob | Q18: =RIGHT(B18,3) -> son | R18: =MID(B18,3,4) -> b Jo | S18: =UPPER(B18) -> BOB JOHNSON | T18: =LOWER(C18) | U18: =PROPER(C18)
A19: EMP1017 | B19: Jane Smith | C19: Finance | D19: Australia | E19: 41341 | F19: 42127 | G19: 1 | H19: Other | I19: user38@example.com | M19: =IF(E19="N/A","N/A",IF(E19>=70000,"High","Low")) -> Low | P19: =LEFT(B19,3) -> Jan | Q19: =RIGHT(B19,3) -> ith | R19: =MID(B19,3,4) -> ne S | S19: =UPPER(B19) -> JANE SMITH | T19: =LOWER(C19) -> finance | U19: =PROPER(C19) -> Finance
A20: EMP1018 | B20: Alice Brown | C20: Finance | D20: UK | E20: 73602 | F20: 42134 | I20: user96@example.com | M20: =IF(E20="N/A","N/A",IF(E20>=70000,"High","Low")) -> High | P20: =LEFT(B20,3) -> Ali | Q20: =RIGHT(B20,3) -> own | R20: =MID(B20,3,4) -> ice | S20: =UPPER(B20) -> ALICE BROWN | T20: =LOWER(C20) -> finance | U20: =PROPER(C20) -> Finance
A21: EMP1019 | B21: Eve Adams | D21: India | E21: 67531 | F21: 42141 | G21: 5 | H21: Female | I21: user151@example.com | M21: =IF(E21="N/A","N/A",IF(E21>=70000,"High","Low")) -> Low | P21: =LEFT(B21,3) -> Eve | Q21: =RIGHT(B21,3) -> ams | R21: =MID(B21,3,4) -> e Ad | S21: =UPPER(B21) -> EVE ADAMS | T21: =LOWER(C21) | U21: =PROPER(C21)
A22: EMP1020 | B22: Jane Smith | C22: HR | D22: USA | E22: N/A | F22: 42148 | G22: 2 | H22: Other | I22: user200@example.com | M22: =IF(E22="N/A","N/A",IF(E22>=70000,"High","Low")) -> N/A | P22: =LEFT(B22,3) -> Jan | Q22: =RIGHT(B22,3) -> ith | R22: =MID(B22,3,4) -> ne S | S22: =UPPER(B22) -> JANE SMITH | T22: =LOWER(C22) -> hr | U22: =PROPER(C22) -> Hr
A23: EMP1021 | B23: Jane Smith | C23: HR | E23: 98922 | F23: 42155 | G23: 4 | I23: user77@example.com | M23: =IF(E23="N/A","N/A",IF(E23>=70000,"High","Low")) -> High | P23: =LEFT(B23,3) -> Jan | Q23: =RIGHT(B23,3) -> ith | R23: =MID(B23,3,4) -> ne S | S23: =UPPER(B23) -> JANE SMITH | T23: =LOWER(C23) -> hr | U23: =PROPER(C23) -> Hr
A24: EMP1022 | B24: Eve Adams | C24: Finance | D24: India | E24: 38333 | F24: 42162 | G24: 5 | I24: user128@example.com | M24: =IF(E24="N/A","N/A",IF(E24>=70000,"High","Low")) -> Low | P24: =LEFT(B24,3) -> Eve | Q24: =RIGHT(B24,3) -> ams | R24: =MID(B24,3,4) -> e Ad | S24: =UPPER(B24) -> EVE ADAMS | T24: =LOWER(C24) -> finance | U24: =PROPER(C24) -> Finance
A25: EMP1023 | B25: Alice Brown | C25: Marketing | D25: UK | E25: 36515 | F25: 42169 | G25: 3 | H25: Male | I25: user149@example.com | M25: =IF(E25="N/A","N/A",IF(E25>=70000,"High","Low")) -> Low | P25: =LEFT(B25,3) -> Ali | Q25: =RIGHT(B25,3) -> own | R25: =MID(B25,3,4) -> ice | S25: =UPPER(B25) -> ALICE BROWN | T25: =LOWER(C25) -> marketing | U25: =PROPER(C25) -> Marketing
A26: EMP1024 | B26: Sam Wilson | C26: Finance | E26: 91005 | F26: 42176 | G26: 1 | H26: Other | I26: user122@example.com | M26: =IF(E26="N/A","N/A",IF(E26>=70000,"High","Low")) -> High | P26: =LEFT(B26,3) -> Sam | Q26: =RIGHT(B26,3) -> son | R26: =MID(B26,3,4) -> m Wi | S26: =UPPER(B26) -> SAM WILSON | T26: =LOWER(C26) -> finance | U26: =PROPER(C26) -> Finance
A27: EMP1025 | B27: Chris Lee | E27: 52272 | F27: 42183 | G27: 3 | I27: user41@example.com | M27: =IF(E27="N/A","N/A",IF(E27>=70000,"High","Low")) -> Low | P27: =LEFT(B27,3) -> Chr | Q27: =RIGHT(B27,3) -> Lee | R27: =MID(B27,3,4) -> ris | S27: =UPPER(B27) -> CHRIS LEE | T27: =LOWER(C27) | U27: =PROPER(C27)
A28: EMP1026 | B28: Eve Adams | C28: Sales | D28: Germany | E28: 76518 | F28: 42190 | G28: 2 | H28: Female | I28: user68@example.com | M28: =IF(E28="N/A","N/A",IF(E28>=70000,"High","Low")) -> High | P28: =LEFT(B28,3) -> Eve | Q28: =RIGHT(B28,3) -> ams | R28: =MID(B28,3,4) -> e Ad | S28: =UPPER(B28) -> EVE ADAMS | T28: =LOWER(C28) -> sales | U28: =PROPER(C28) -> Sales
A29: EMP1027 | B29: Alice Brown | C29: IT | D29: UK | E29: 41448 | F29: 42197 | G29: 3 | H29: Other | I29: user103@example.com | M29: =IF(E29="N/A","N/A",IF(E29>=70000,"High","Low")) -> Low | P29: =LEFT(B29,3) -> Ali | Q29: =RIGHT(B29,3) -> own | R29: =MID(B29,3,4) -> ice | S29: =UPPER(B29) -> ALICE BROWN | T29: =LOWER(C29) -> it | U29: =PROPER(C29) -> It
A30: EMP1028 | B30: John Doe | C30: HR | D30: UK | E30: 49282 | F30: 42204 | G30: 2 | H30: Female | I30: user135@example.com | M30: =IF(E30="N/A","N/A",IF(E30>=70000,"High","Low")) -> Low | P30: =LEFT(B30,3) -> Joh | Q30: =RIGHT(B30,3) -> Doe | R30: =MID(B30,3,4) -> hn D | S30: =UPPER(B30) -> JOHN DOE | T30: =LOWER(C30) -> hr | U30: =PROPER(C30) -> Hr
A31: EMP1029 | B31: Bob Johnson | C31: Marketing | D31: UK | E31: 92959 | F31: 42211 | G31: 5 | I31: user83@example.com | M31: =IF(E31="N/A","N/A",IF(E31>=70000,"High","Low")) -> High | P31: =LEFT(B31,3) -> Bob | Q31: =RIGHT(B31,3) -> son | R31: =MID(B31,3,4) -> b Jo | S31: =UPPER(B31) -> BOB JOHNSON | T31: =LOWER(C31) -> marketing | U31: =PROPER(C31) -> Marketing
A32: EMP1030 | C32: Marketing | E32: 92259 | G32: 1 | H32: Unknown | I32: user109@example.com | M32: =IF(E32="N/A","N/A",IF(E32>=70000,"High","Low")) -> High | P32: =LEFT(B32,3) | Q32: =RIGHT(B32,3) | R32: =MID(B32,3,4) | S32: =UPPER(B32) | T32: =LOWER(C32) -> marketing | U32: =PROPER(C32) -> Marketing
A33: EMP1031 | B33: Eve Adams | C33: HR | D33: Germany | E33: 92299 | F33: 42225 | G33: 3 | H33: Male | I33: user143@example.com | M33: =IF(E33="N/A","N/A",IF(E33>=70000,"High","Low")) -> High | P33: =LEFT(B33,3) -> Eve | Q33: =RIGHT(B33,3) -> ams | R33: =MID(B33,3,4) -> e Ad | S33: =UPPER(B33) -> EVE ADAMS | T33: =LOWER(C33) -> hr | U33: =PROPER(C33) -> Hr
A34: EMP1032 | B34: Sam Wilson | C34: HR | E34: 95586 | F34: 42232 | G34: 3 | H34: Other | I34: user190@example.com | M34: =IF(E34="N/A","N/A",IF(E34>=70000,"High","Low")) -> High | P34: =LEFT(B34,3) -> Sam | Q34: =RIGHT(B34,3) -> son | R34: =MID(B34,3,4) -> m Wi | S34: =UPPER(B34) -> SAM WILSON | T34: =LOWER(C34) -> hr | U34: =PROPER(C34) -> Hr
A35: EMP1033 | B35: Chris Lee | D35: USA | E35: 95367 | F35: 42239 | H35: Male | I35: user136@example.com | M35: =IF(E35="N/A","N/A",IF(E35>=70000,"High","Low")) -> High | P35: =LEFT(B35,3) -> Chr | Q35: =RIGHT(B35,3) -> Lee | R35: =MID(B35,3,4) -> ris | S35: =UPPER(B35) -> CHRIS LEE | T35: =LOWER(C35) | U35: =PROPER(C35)
A36: EMP1034 | B36: John Doe | C36: Sales | D36: Australia | E36: 79549 | F36: 42246 | G36: 3 | I36: user198@example.com | M36: =IF(E36="N/A","N/A",IF(E36>=70000,"High","Low")) -> High | P36: =LEFT(B36,3) -> Joh | Q36: =RIGHT(B36,3) -> Doe | R36: =MID(B36,3,4) -> hn D | S36: =UPPER(B36) -> JOHN DOE | T36: =LOWER(C36) -> sales | U36: =PROPER(C36) -> Sales
A37: EMP1035 | B37: Alice Brown | D37: UK | E37: 54463 | F37: 42253 | G37: 4 | H37: Male | I37: invalid_email | M37: =IF(E37="N/A","N/A",IF(E37>=70000,"High","Low")) -> Low | P37: =LEFT(B37,3) -> Ali | Q37: =RIGHT(B37,3) -> own | R37: =MID(B37,3,4) -> ice | S37: =UPPER(B37) -> ALICE BROWN | T37: =LOWER(C37) | U37: =PROPER(C37)
A38: EMP1036 | B38: Alice Brown | C38: IT | D38: USA | E38: 89781 | F38: 42260 | H38: Female | I38: user31@example.com | M38: =IF(E38="N/A","N/A",IF(E38>=70000,"High","Low")) -> High | P38: =LEFT(B38,3) -> Ali | Q38: =RIGHT(B38,3) -> own | R38: =MID(B38,3,4) -> ice | S38: =UPPER(B38) -> ALICE BROWN | T38: =LOWER(C38) -> it | U38: =PROPER(C38) -> It
A39: EMP1037 | B39: Alice Brown | C39: HR | E39: 64796 | F39: 42267 | H39: Other | I39: user98@example.com | M39: =IF(E39="N/A","N/A",IF(E39>=70000,"High","Low")) -> Low | P39: =LEFT(B39,3) -> Ali | Q39: =RIGHT(B39,3) -> own | R39: =MID(B39,3,4) -> ice | S39: =UPPER(B39) -> ALICE BROWN | T39: =LOWER(C39) -> hr | U39: =PROPER(C39) -> Hr
A40: EMP1038 | B40: John Doe | C40: Marketing | D40: UK | E40: 52093 | F40: 42274 | G40: 5 | I40: user154@example.com | M40: =IF(E40="N/A","N/A",IF(E40>=70000,"High","Low")) -> Low | P40: =LEFT(B40,3) -> Joh | Q40: =RIGHT(B40,3) -> Doe | R40: =MID(B40,3,4) -> hn D | S40: =UPPER(B40) -> JOHN DOE | T40: =LOWER(C40) -> marketing | U40: =PROPER(C40) -> Marketing
A41: EMP1039 | B41: Chris Lee | C41: HR | D41: UK | E41: 48224 | F41: 42281 | G41: 3 | I41: user42@example.com | M41: =IF(E41="N/A","N/A",IF(E41>=70000,"High","Low")) -> Low | P41: =LEFT(B41,3) -> Chr | Q41: =RIGHT(B41,3) -> Lee | R41: =MID(B41,3,4) -> ris | S41: =UPPER(B41) -> CHRIS LEE | T41: =LOWER(C41) -> hr | U41: =PROPER(C41) -> Hr
A42: EMP1040 | B42: Bob Johnson | C42: Finance | D42: UK | E42: N/A | G42: 4 | H42: Female | I42: user89@example.com | M42: =IF(E42="N/A","N/A",IF(E42>=70000,"High","Low")) -> N/A | P42: =LEFT(B42,3) -> Bob | Q42: =RIGHT(B42,3) -> son | R42: =MID(B42,3,4) -> b Jo | S42: =UPPER(B42) -> BOB JOHNSON | T42: =LOWER(C42) -> finance | U42: =PROPER(C42) -> Finance
A43: EMP1041 | B43: Alice Brown | C43: IT | D43: Germany | E43: 33956 | F43: 42295 | I43: user47@example.com | M43: =IF(E43="N/A","N/A",IF(E43>=70000,"High","Low")) -> Low | P43: =LEFT(B43,3) -> Ali | Q43: =RIGHT(B43,3) -> own | R43: =MID(B43,3,4) -> ice | S43: =UPPER(B43) -> ALICE BROWN | T43: =LOWER(C43) -> it | U43: =PROPER(C43) -> It
A44: EMP1042 | B44: Bob Johnson | D44: Australia | E44: 64913 | F44: 42302 | G44: 1 | H44: Female | I44: user175@example.com | M44: =IF(E44="N/A","N/A",IF(E44>=70000,"High","Low")) -> Low | P44: =LEFT(B44,3) -> Bob | Q44: =RIGHT(B44,3) -> son | R44: =MID(B44,3,4) -> b Jo | S44: =UPPER(B44) -> BOB JOHNSON | T44: =LOWER(C44) | U44: =PROPER(C44)
A45: EMP1043 | B45: Alice Brown | C45: Marketing | D45: Australia | E45: 35326 | F45: 42309 | H45: Female | I45: user57@example.com | M45: =IF(E45="N/A","N/A",IF(E45>=70000,"High","Low")) -> Low | P45: =LEFT(B45,3) -> Ali | Q45: =RIGHT(B45,3) -> own | R45: =MID(B45,3,4) -> ice | S45: =UPPER(B45) -> ALICE BROWN | T45: =LOWER(C45) -> marketing | U45: =PROPER(C45) -> Marketing
A46: EMP1044 | B46: Chris Lee | C46: Finance | E46: 81610 | F46: 42316 | G46: 1 | I46: user20@example.com | M46: =IF(E46="N/A","N/A",IF(E46>=70000,"High","Low")) -> High | P46: =LEFT(B46,3) -> Chr | Q46: =RIGHT(B46,3) -> Lee | R46: =MID(B46,3,4) -> ris | S46: =UPPER(B46) -> CHRIS LEE | T46: =LOWER(C46) -> finance | U46: =PROPER(C46) -> Finance
A47: EMP1045 | C47: HR | E47: 58962 | F47: 42323 | G47: 3 | H47: Other | I47: user106@example.com | M47: =IF(E47="N/A","N/A",IF(E47>=70000,"High","Low")) -> Low | P47: =LEFT(B47,3) | Q47: =RIGHT(B47,3) | R47: =MID(B47,3,4) | S47: =UPPER(B47) | T47: =LOWER(C47) -> hr | U47: =PROPER(C47) -> Hr
A48: EMP1046 | B48: Chris Lee | C48: IT | D48: Germany | E48: 92701 | F48: 42330 | G48: 3 | H48: Other | I48: user199@example.com | M48: =IF(E48="N/A","N/A",IF(E48>=70000,"High","Low")) -> High | P48: =LEFT(B48,3) -> Chr | Q48: =RIGHT(B48,3) -> Lee | R48: =MID(B48,3,4) -> ris | S48: =UPPER(B48) -> CHRIS LEE | T48: =LOWER(C48) -> it | U48: =PROPER(C48) -> It
A49: EMP1047 | B49: Chris Lee | C49: HR | D49: India | E49: 58245 | F49: 42337 | G49: 4 | I49: user43@example.com | M49: =IF(E49="N/A","N/A",IF(E49>=70000,"High","Low")) -> Low | P49: =LEFT(B49,3) -> Chr | Q49: =RIGHT(B49,3) -> Lee | R49: =MID(B49,3,4) -> ris | S49: =UPPER(B49) -> CHRIS LEE | T49: =LOWER(C49) -> hr | U49: =PROPER(C49) -> Hr
A50: EMP1048 | B50: John Doe | C50: Finance | E50: 66513 | F50: 42344 | G50: 2 | H50: Other | I50: user24@example.com | M50: =IF(E50="N/A","N/A",IF(E50>=70000,"High","Low")) -> Low | P50: =LEFT(B50,3) -> Joh | Q50: =RIGHT(B50,3) -> Doe | R50: =MID(B50,3,4) -> hn D | S50: =UPPER(B50) -> JOHN DOE | T50: =LOWER(C50) -> finance | U50: =PROPER(C50) -> Finance
A51: EMP1049 | B51: Eve Adams | C51: HR | D51: Germany | E51: 78720 | F51: 42351 | G51: 5 | H51: Female | I51: user89@example.com | M51: =IF(E51="N/A","N/A",IF(E51>=70000,"High","Low")) -> High | P51: =LEFT(B51,3) -> Eve | Q51: =RIGHT(B51,3) -> ams | R51: =MID(B51,3,4) -> e Ad | S51: =UPPER(B51) -> EVE ADAMS | T51: =LOWER(C51) -> hr | U51: =PROPER(C51) -> Hr
A52: EMP1050 | B52: Chris Lee | E52: 30686 | G52: 2 | H52: Female | I52: user95@example.com | M52: =IF(E52="N/A","N/A",IF(E52>=70000,"High","Low")) -> Low | P52: =LEFT(B52,3) -> Chr | Q52: =RIGHT(B52,3) -> Lee | R52: =MID(B52,3,4) -> ris | S52: =UPPER(B52) -> CHRIS LEE | T52: =LOWER(C52) | U52: =PROPER(C52)
A53: EMP1051 | B53: Sam Wilson | C53: Sales | D53: India | E53: 39423 | F53: 42365 | G53: 5 | I53: user59@example.com | M53: =IF(E53="N/A","N/A",IF(E53>=70000,"High","Low")) -> Low | P53: =LEFT(B53,3) -> Sam | Q53: =RIGHT(B53,3) -> son | R53: =MID(B53,3,4) -> m Wi | S53: =UPPER(B53) -> SAM WILSON | T53: =LOWER(C53) -> sales | U53: =PROPER(C53) -> Sales
A54: EMP1052 | B54: Eve Adams | C54: Marketing | E54: 30280 | F54: 42372 | G54: 1 | I54: user152@example.com | M54: =IF(E54="N/A","N/A",IF(E54>=70000,"High","Low")) -> Low | P54: =LEFT(B54,3) -> Eve | Q54: =RIGHT(B54,3) -> ams | R54: =MID(B54,3,4) -> e Ad | S54: =UPPER(B54) -> EVE ADAMS | T54: =LOWER(C54) -> marketing | U54: =PROPER(C54) -> Marketing
A55: EMP1053 | B55: Eve Adams | C55: Finance | D55: UK | E55: 33352 | F55: 42379 | G55: 3 | H55: Female | I55: user200@example.com | M55: =IF(E55="N/A","N/A",IF(E55>=70000,"High","Low")) -> Low | P55: =LEFT(B55,3) -> Eve | Q55: =RIGHT(B55,3) -> ams | R55: =MID(B55,3,4) -> e Ad | S55: =UPPER(B55) -> EVE ADAMS | T55: =LOWER(C55) -> finance | U55: =PROPER(C55) -> Finance
A56: EMP1054 | B56: Bob Johnson | C56: Marketing | D56: UK | E56: 75633 | F56: 42386 | G56: 5 | H56: Other | I56: user92@example.com | M56: =IF(E56="N/A","N/A",IF(E56>=70000,"High","Low")) -> High | P56: =LEFT(B56,3) -> Bob | Q56: =RIGHT(B56,3) -> son | R56: =MID(B56,3,4) -> b Jo | S56: =UPPER(B56) -> BOB JOHNSON | T56: =LOWER(C56) -> marketing | U56: =PROPER(C56) -> Marketing
A57: EMP1055 | B57: Chris Lee | D57: USA | E57: 74815 | F57: 42393 | G57: 5 | H57: Female | I57: user50@example.com | M57: =IF(E57="N/A","N/A",IF(E57>=70000,"High","Low")) -> High | P57: =LEFT(B57,3) -> Chr | Q57: =RIGHT(B57,3) -> Lee | R57: =MID(B57,3,4) -> ris | S57: =UPPER(B57) -> CHRIS LEE | T57: =LOWER(C57) | U57: =PROPER(C57)
A58: EMP1056 | B58: John Doe | C58: Sales | D58: Australia | E58: 60011 | F58: 42400 | G58: 1 | H58: Male | I58: user63@example.com | M58: =IF(E58="N/A","N/A",IF(E58>=70000,"High","Low")) -> Low | P58: =LEFT(B58,3) -> Joh | Q58: =RIGHT(B58,3) -> Doe | R58: =MID(B58,3,4) -> hn D | S58: =UPPER(B58) -> JOHN DOE | T58: =LOWER(C58) -> sales | U58: =PROPER(C58) -> Sales
A59: EMP1057 | B59: Eve Adams | D59: India | E59: 96949 | F59: 42407 | G59: 3 | I59: user103@example.com | M59: =IF(E59="N/A","N/A",IF(E59>=70000,"High","Low")) -> High | P59: =LEFT(B59,3) -> Eve | Q59: =RIGHT(B59,3) -> ams | R59: =MID(B59,3,4) -> e Ad | S59: =UPPER(B59) -> EVE ADAMS | T59: =LOWER(C59) | U59: =PROPER(C59)
A60: EMP1058 | B60: Sam Wilson | C60: Marketing | E60: 84924 | F60: 42414 | G60: 5 | H60: Male | I60: user150@example.com | M60: =IF(E60="N/A","N/A",IF(E60>=70000,"High","Low")) -> High | P60: =LEFT(B60,3) -> Sam | Q60: =RIGHT(B60,3) -> son | R60: =MID(B60,3,4) -> m Wi | S60: =UPPER(B60) -> SAM WILSON | T60: =LOWER(C60) -> marketing | U60: =PROPER(C60) -> Marketing
A61: EMP1059 | B61: Sam Wilson | C61: Finance | D61: USA | E61: 82033 | F61: 42421 | G61: 1 | I61: user20@example.com | M61: =IF(E61="N/A","N/A",IF(E61>=70000,"High","Low")) -> High | P61: =LEFT(B61,3) -> Sam | Q61: =RIGHT(B61,3) -> son | R61: =MID(B61,3,4) -> m Wi | S61: =UPPER(B61) -> SAM WILSON | T61: =LOWER(C61) -> finance | U61: =PROPER(C61) -> Finance
A62: EMP1060 | C62: Marketing | D62: Germany | E62: N/A | G62: 5 | H62: Unknown | I62: user112@example.com | M62: =IF(E62="N/A","N/A",IF(E62>=70000,"High","Low")) -> N/A | P62: =LEFT(B62,3) | Q62: =RIGHT(B62,3) | R62: =MID(B62,3,4) | S62: =UPPER(B62) | T62: =LOWER(C62) -> marketing | U62: =PROPER(C62) -> Marketing
A63: EMP1061 | B63: Eve Adams | D63: Australia | E63: 31499 | F63: 42435 | G63: 2 | I63: user31@example.com | M63: =IF(E63="N/A","N/A",IF(E63>=70000,"High","Low")) -> Low | P63: =LEFT(B63,3) -> Eve | Q63: =RIGHT(B63,3) -> ams | R63: =MID(B63,3,4) -> e Ad | S63: =UPPER(B63) -> EVE ADAMS | T63: =LOWER(C63) | U63: =PROPER(C63)
A64: EMP1062 | B64: Chris Lee | C64: IT | D64: UK | E64: 97981 | F64: 42442 | G64: 5 | H64: Female | I64: user71@example.com | M64: =IF(E64="N/A","N/A",IF(E64>=70000,"High","Low")) -> High | P64: =LEFT(B64,3) -> Chr | Q64: =RIGHT(B64,3) -> Lee | R64: =MID(B64,3,4) -> ris | S64: =UPPER(B64) -> CHRIS LEE | T64: =LOWER(C64) -> it | U64: =PROPER(C64) -> It
A65: EMP1063 | B65: Eve Adams | C65: HR | D65: USA | E65: 36541 | F65: 42449 | G65: 2 | H65: Other | I65: user97@example.com | M65: =IF(E65="N/A","N/A",IF(E65>=70000,"High","Low")) -> Low | P65: =LEFT(B65,3) -> Eve | Q65: =RIGHT(B65,3) -> ams | R65: =MID(B65,3,4) -> e Ad | S65: =UPPER(B65) -> EVE ADAMS | T65: =LOWER(C65) -> hr | U65: =PROPER(C65) -> Hr
A66: EMP1064 | B66: John Doe | C66: IT | D66: India | E66: 84737 | F66: 42456 | G66: 1 | H66: Male | I66: user141@example.com | M66: =IF(E66="N/A","N/A",IF(E66>=70000,"High","Low")) -> High | P66: =LEFT(B66,3) -> Joh | Q66: =RIGHT(B66,3) -> Doe | R66: =MID(B66,3,4) -> hn D | S66: =UPPER(B66) -> JOHN DOE | T66: =LOWER(C66) -> it | U66: =PROPER(C66) -> It
A67: EMP1065 | B67: Sam Wilson | C67: Finance | D67: India | E67: 33468 | F67: 42463 | G67: 4 | H67: Male | I67: user125@example.com | M67: =IF(E67="N/A","N/A",IF(E67>=70000,"High","Low")) -> Low | P67: =LEFT(B67,3) -> Sam | Q67: =RIGHT(B67,3) -> son | R67: =MID(B67,3,4) -> m Wi | S67: =UPPER(B67) -> SAM WILSON | T67: =LOWER(C67) -> finance | U67: =PROPER(C67) -> Finance
A68: EMP1066 | B68: Sam Wilson | D68: Australia | E68: 96365 | F68: 42470 | G68: 3 | H68: Other | I68: user90@example.com | M68: =IF(E68="N/A","N/A",IF(E68>=70000,"High","Low")) -> High | P68: =LEFT(B68,3) -> Sam | Q68: =RIGHT(B68,3) -> son | R68: =MID(B68,3,4) -> m Wi | S68: =UPPER(B68) -> SAM WILSON | T68: =LOWER(C68) | U68: =PROPER(C68)
A69: EMP1067 | B69: Alice Brown | C69: Sales | D69: India | E69: 61942 | F69: 42477 | G69: 3 | H69: Female | I69: user192@example.com | M69: =IF(E69="N/A","N/A",IF(E69>=70000,"High","Low")) -> Low | P69: =LEFT(B69,3) -> Ali | Q69: =RIGHT(B69,3) -> own | R69: =MID(B69,3,4) -> ice | S69: =UPPER(B69) -> ALICE BROWN | T69: =LOWER(C69) -> sales | U69: =PROPER(C69) -> Sales
A70: EMP1068 | B70: Sam Wilson | C70: Finance | D70: UK | E70: 41467 | F70: 42484 | G70: 2 | I70: user77@example.com | M70: =IF(E70="N/A","N/A",IF(E70>=70000,"High","Low")) -> Low | P70: =LEFT(B70,3) -> Sam | Q70: =RIGHT(B70,3) -> son | R70: =MID(B70,3,4) -> m Wi | S70: =UPPER(B70) -> SAM WILSON | T70: =LOWER(C70) -> finance | U70: =PROPER(C70) -> Finance
A71: EMP1069 | B71: Bob Johnson | C71: Finance | D71: India | E71: 77096 | F71: 42491 | G71: 1 | I71: user65@example.com | M71: =IF(E71="N/A","N/A",IF(E71>=70000,"High","Low")) -> High | P71: =LEFT(B71,3) -> Bob | Q71: =RIGHT(B71,3) -> son | R71: =MID(B71,3,4) -> b Jo | S71: =UPPER(B71) -> BOB JOHNSON | T71: =LOWER(C71) -> finance | U71: =PROPER(C71) -> Finance
A72: EMP1070 | B72: Eve Adams | C72: Sales | D72: Australia | E72: 69952 | F72: 42498 | G72: 5 | H72: Female | I72: invalid_email | M72: =IF(E72="N/A","N/A",IF(E72>=70000,"High","Low")) -> Low | P72: =LEFT(B72,3) -> Eve | Q72: =RIGHT(B72,3) -> ams | R72: =MID(B72,3,4) -> e Ad | S72: =UPPER(B72) -> EVE ADAMS | T72: =LOWER(C72) -> sales | U72: =PROPER(C72) -> Sales
A73: EMP1071 | B73: Eve Adams | C73: Marketing | D73: USA | E73: 85065 | F73: 42505 | G73: 3 | I73: user142@example.com | M73: =IF(E73="N/A","N/A",IF(E73>=70000,"High","Low")) -> High | P73: =LEFT(B73,3) -> Eve | Q73: =RIGHT(B73,3) -> ams | R73: =MID(B73,3,4) -> e Ad | S73: =UPPER(B73) -> EVE ADAMS | T73: =LOWER(C73) -> marketing | U73: =PROPER(C73) -> Marketing
A74: EMP1072 | B74: Bob Johnson | C74: Marketing | D74: India | E74: 56512 | F74: 42512 | H74: Other | I74: user153@example.com | M74: =IF(E74="N/A","N/A",IF(E74>=70000,"High","Low")) -> Low | P74: =LEFT(B74,3) -> Bob | Q74: =RIGHT(B74,3) -> son | R74: =MID(B74,3,4) -> b Jo | S74: =UPPER(B74) -> BOB JOHNSON | T74: =LOWER(C74) -> marketing | U74: =PROPER(C74) -> Marketing
A75: EMP1073 | B75: John Doe | C75: Sales | D75: India | E75: 91101 | F75: 42519 | G75: 4 | H75: Female | I75: user71@example.com | M75: =IF(E75="N/A","N/A",IF(E75>=70000,"High","Low")) -> High | P75: =LEFT(B75,3) -> Joh | Q75: =RIGHT(B75,3) -> Doe | R75: =MID(B75,3,4) -> hn D | S75: =UPPER(B75) -> JOHN DOE | T75: =LOWER(C75) -> sales | U75: =PROPER(C75) -> Sales
A76: EMP1074 | B76: Sam Wilson | D76: Germany | E76: 41243 | F76: 42526 | I76: user143@example.com | M76: =IF(E76="N/A","N/A",IF(E76>=70000,"High","Low")) -> Low | P76: =LEFT(B76,3) -> Sam | Q76: =RIGHT(B76,3) -> son | R76: =MID(B76,3,4) -> m Wi | S76: =UPPER(B76) -> SAM WILSON | T76: =LOWER(C76) | U76: =PROPER(C76)
A77: EMP1075 | C77: Sales | E77: 96142 | F77: 42533 | G77: 1 | H77: Other | I77: user17@example.com | M77: =IF(E77="N/A","N/A",IF(E77>=70000,"High","Low")) -> High | P77: =LEFT(B77,3) | Q77: =RIGHT(B77,3) | R77: =MID(B77,3,4) | S77: =UPPER(B77) | T77: =LOWER(C77) -> sales | U77: =PROPER(C77) -> Sales
A78: EMP1076 | B78: Eve Adams | C78: IT | D78: India | E78: 94301 | F78: 42540 | G78: 1 | H78: Male | I78: user20@example.com | M78: =IF(E78="N/A","N/A",IF(E78>=70000,"High","Low")) -> High | P78: =LEFT(B78,3) -> Eve | Q78: =RIGHT(B78,3) -> ams | R78: =MID(B78,3,4) -> e Ad | S78: =UPPER(B78) -> EVE ADAMS | T78: =LOWER(C78) -> it | U78: =PROPER(C78) -> It
A79: EMP1077 | B79: Jane Smith | D79: UK | E79: 69166 | F79: 42547 | G79: 1 | H79: Female | I79: user22@example.com | M79: =IF(E79="N/A","N/A",IF(E79>=70000,"High","Low")) -> Low | P79: =LEFT(B79,3) -> Jan | Q79: =RIGHT(B79,3) -> ith | R79: =MID(B79,3,4) -> ne S | S79: =UPPER(B79) -> JANE SMITH | T79: =LOWER(C79) | U79: =PROPER(C79)
A80: EMP1078 | B80: Sam Wilson | D80: UK | E80: 78245 | F80: 42554 | G80: 2 | I80: user46@example.com | M80: =IF(E80="N/A","N/A",IF(E80>=70000,"High","Low")) -> High | P80: =LEFT(B80,3) -> Sam | Q80: =RIGHT(B80,3) -> son | R80: =MID(B80,3,4) -> m Wi | S80: =UPPER(B80) -> SAM WILSON | T80: =LOWER(C80) | U80: =PROPER(C80)
A81: EMP1079 | B81: Chris Lee | C81: Sales | D81: USA | E81: 66079 | F81: 42561 | G81: 2 | H81: Other | I81: user55@example.com | M81: =IF(E81="N/A","N/A",IF(E81>=70000,"High","Low")) -> Low | P81: =LEFT(B81,3) -> Chr | Q81: =RIGHT(B81,3) -> Lee | R81: =MID(B81,3,4) -> ris | S81: =UPPER(B81) -> CHRIS LEE | T81: =LOWER(C81) -> sales | U81: =PROPER(C81) -> Sales
A82: EMP1080 | B82: Eve Adams | C82: Marketing | D82: India | E82: N/A | I82: user135@example.com | M82: =IF(E82="N/A","N/A",IF(E82>=70000,"High","Low")) -> N/A | P82: =LEFT(B82,3) -> Eve | Q82: =RIGHT(B82,3) -> ams | R82: =MID(B82,3,4) -> e Ad | S82: =UPPER(B82) -> EVE ADAMS | T82: =LOWER(C82) -> marketing | U82: =PROPER(C82) -> Marketing
A83: EMP1081 | B83: Jane Smith | C83: Sales | D83: USA | E83: 95621 | F83: 42575 | G83: 3 | H83: Female | I83: user156@example.com | M83: =IF(E83="N/A","N/A",IF(E83>=70000,"High","Low")) -> High | P83: =LEFT(B83,3) -> Jan | Q83: =RIGHT(B83,3) -> ith | R83: =MID(B83,3,4) -> ne S | S83: =UPPER(B83) -> JANE SMITH | T83: =LOWER(C83) -> sales | U83: =PROPER(C83) -> Sales
A84: EMP1082 | B84: Eve Adams | C84: IT | D84: UK | E84: 42262 | F84: 42582 | G84: 1 | I84: user104@example.com | M84: =IF(E84="N/A","N/A",IF(E84>=70000,"High","Low")) -> Low | P84: =LEFT(B84,3) -> Eve | Q84: =RIGHT(B84,3) -> ams | R84: =MID(B84,3,4) -> e Ad | S84: =UPPER(B84) -> EVE ADAMS | T84: =LOWER(C84) -> it | U84: =PROPER(C84) -> It
A85: EMP1083 | B85: Sam Wilson | C85: Sales | D85: India | E85: 99621 | F85: 42589 | H85: Other | I85: user145@example.com | M85: =IF(E85="N/A","N/A",IF(E85>=70000,"High","Low")) -> High | P85: =LEFT(B85,3) -> Sam | Q85: =RIGHT(B85,3) -> son | R85: =MID(B85,3,4) -> m Wi | S85: =UPPER(B85) -> SAM WILSON | T85: =LOWER(C85) -> sales | U85: =PROPER(C85) -> Sales
A86: EMP1084 | B86: John Doe | C86: Marketing | D86: India | E86: 44682 | F86: 42596 | G86: 4 | H86: Female | I86: user47@example.com | M86: =IF(E86="N/A","N/A",IF(E86>=70000,"High","Low")) -> Low | P86: =LEFT(B86,3) -> Joh | Q86: =RIGHT(B86,3) -> Doe | R86: =MID(B86,3,4) -> hn D | S86: =UPPER(B86) -> JOHN DOE | T86: =LOWER(C86) -> marketing | U86: =PROPER(C86) -> Marketing
A87: EMP1085 | B87: Chris Lee | C87: Finance | E87: 35163 | F87: 42603 | G87: 5 | H87: Other | I87: user197@example.com | M87: =IF(E87="N/A","N/A",IF(E87>=70000,"High","Low")) -> Low | P87: =LEFT(B87,3) -> Chr | Q87: =RIGHT(B87,3) -> Lee | R87: =MID(B87,3,4) -> ris | S87: =UPPER(B87) -> CHRIS LEE | T87: =LOWER(C87) -> finance | U87: =PROPER(C87) -> Finance
A88: EMP1086 | B88: Chris Lee | C88: IT | D88: India | E88: 33483 | F88: 42610 | G88: 4 | H88: Male | I88: user177@example.com | M88: =IF(E88="N/A","N/A",IF(E88>=70000,"High","Low")) -> Low | P88: =LEFT(B88,3) -> Chr | Q88: =RIGHT(B88,3) -> Lee | R88: =MID(B88,3,4) -> ris | S88: =UPPER(B88) -> CHRIS LEE | T88: =LOWER(C88) -> it | U88: =PROPER(C88) -> It
A89: EMP1087 | B89: Sam Wilson | C89: HR | D89: Germany | E89: 55303 | F89: 42617 | G89: 4 | H89: Male | I89: user149@example.com | M89: =IF(E89="N/A","N/A",IF(E89>=70000,"High","Low")) -> Low | P89: =LEFT(B89,3) -> Sam | Q89: =RIGHT(B89,3) -> son | R89: =MID(B89,3,4) -> m Wi | S89: =UPPER(B89) -> SAM WILSON | T89: =LOWER(C89) -> hr | U89: =PROPER(C89) -> Hr
A90: EMP1088 | B90: Chris Lee | C90: IT | E90: 63434 | F90: 42624 | G90: 3 | I90: user48@example.com | M90: =IF(E90="N/A","N/A",IF(E90>=70000,"High","Low")) -> Low | P90: =LEFT(B90,3) -> Chr | Q90: =RIGHT(B90,3) -> Lee | R90: =MID(B90,3,4) -> ris | S90: =UPPER(B90) -> CHRIS LEE | T90: =LOWER(C90) -> it | U90: =PROPER(C90) -> It
A91: EMP1089 | B91: Jane Smith | D91: Australia | E91: 38830 | F91: 42631 | G91: 3 | H91: Other | I91: user149@example.com | M91: =IF(E91="N/A","N/A",IF(E91>=70000,"High","Low")) -> Low | P91: =LEFT(B91,3) -> Jan | Q91: =RIGHT(B91,3) -> ith | R91: =MID(B91,3,4) -> ne S | S91: =UPPER(B91) -> JANE SMITH | T91: =LOWER(C91) | U91: =PROPER(C91)
A92: EMP1090 | C92: Marketing | D92: UK | E92: 50741 | F92: 42638 | G92: 3 | H92: Unknown | I92: user65@example.com | M92: =IF(E92="N/A","N/A",IF(E92>=70000,"High","Low")) -> Low | P92: =LEFT(B92,3) | Q92: =RIGHT(B92,3) | R92: =MID(B92,3,4) | S92: =UPPER(B92) | T92: =LOWER(C92) -> marketing | U92: =PROPER(C92) -> Marketing
A93: EMP1091 | B93: Alice Brown | C93: HR | D93: Australia | E93: 69420 | F93: 42645 | G93: 1 | H93: Male | I93: user43@example.com | M93: =IF(E93="N/A","N/A",IF(E93>=70000,"High","Low")) -> Low | P93: =LEFT(B93,3) -> Ali | Q93: =RIGHT(B93,3) -> own | R93: =MID(B93,3,4) -> ice | S93: =UPPER(B93) -> ALICE BROWN | T93: =LOWER(C93) -> hr | U93: =PROPER(C93) -> Hr
A94: EMP1092 | B94: Jane Smith | C94: IT | E94: 80588 | F94: 42652 | G94: 5 | H94: Male | I94: user98@example.com | M94: =IF(E94="N/A","N/A",IF(E94>=70000,"High","Low")) -> High | P94: =LEFT(B94,3) -> Jan | Q94: =RIGHT(B94,3) -> ith | R94: =MID(B94,3,4) -> ne S | S94: =UPPER(B94) -> JANE SMITH | T94: =LOWER(C94) -> it | U94: =PROPER(C94) -> It
A95: EMP1093 | B95: Alice Brown | D95: USA | E95: 76238 | F95: 42659 | G95: 4 | H95: Male | I95: user102@example.com | M95: =IF(E95="N/A","N/A",IF(E95>=70000,"High","Low")) -> High | P95: =LEFT(B95,3) -> Ali | Q95: =RIGHT(B95,3) -> own | R95: =MID(B95,3,4) -> ice | S95: =UPPER(B95) -> ALICE BROWN | T95: =LOWER(C95) | U95: =PROPER(C95)
A96: EMP1094 | B96: Bob Johnson | C96: IT | D96: India | E96: 33264 | F96: 42666 | H96: Female | I96: user148@example.com | M96: =IF(E96="N/A","N/A",IF(E96>=70000,"High","Low")) -> Low | P96: =LEFT(B96,3) -> Bob | Q96: =RIGHT(B96,3) -> son | R96: =MID(B96,3,4) -> b Jo | S96: =UPPER(B96) -> BOB JOHNSON | T96: =LOWER(C96) -> it | U96: =PROPER(C96) -> It
A97: EMP1095 | B97: Alice Brown | C97: Finance | D97: Australia | E97: 96101 | F97: 42673 | H97: Other | I97: user155@example.com | M97: =IF(E97="N/A","N/A",IF(E97>=70000,"High","Low")) -> High | P97: =LEFT(B97,3) -> Ali | Q97: =RIGHT(B97,3) -> own | R97: =MID(B97,3,4) -> ice | S97: =UPPER(B97) -> ALICE BROWN | T97: =LOWER(C97) -> finance | U97: =PROPER(C97) -> Finance
A98: EMP1096 | B98: Jane Smith | C98: Finance | D98: USA | E98: 72939 | F98: 42680 | G98: 3 | I98: user191@example.com | M98: =IF(E98="N/A","N/A",IF(E98>=70000,"High","Low")) -> High | P98: =LEFT(B98,3) -> Jan | Q98: =RIGHT(B98,3) -> ith | R98: =MID(B98,3,4) -> ne S | S98: =UPPER(B98) -> JANE SMITH | T98: =LOWER(C98) -> finance | U98: =PROPER(C98) -> Finance
A99: EMP1097 | B99: Sam Wilson | C99: HR | D99: Germany | E99: 89333 | F99: 42687 | G99: 1 | H99: Male | I99: user113@example.com | M99: =IF(E99="N/A","N/A",IF(E99>=70000,"High","Low")) -> High | P99: =LEFT(B99,3) -> Sam | Q99: =RIGHT(B99,3) -> son | R99: =MID(B99,3,4) -> m Wi | S99: =UPPER(B99) -> SAM WILSON | T99: =LOWER(C99) -> hr | U99: =PROPER(C99) -> Hr
A100: EMP1098 | B100: Bob Johnson | C100: IT | D100: Australia | E100: 70470 | F100: 42694 | H100: Male | I100: user62@example.com | M100: =IF(E100="N/A","N/A",IF(E100>=70000,"High","Low")) -> High | P100: =LEFT(B100,3) -> Bob | Q100: =RIGHT(B100,3) -> son | R100: =MID(B100,3,4) -> b Jo | S100: =UPPER(B100) -> BOB JOHNSON | T100: =LOWER(C100) -> it | U100: =PROPER(C100) -> It
...

Sheet Day-5 Observations
J4: Day 5 – Text Functions Practice
I5: No. | J5: Observation
I6: 1 | J6: The LEFT function was used to extract characters from the beginning of employee names.
I7: 2 | J7: The RIGHT function was used to extract characters from the end of employee names.
I8: 3 | J8: The MID function was used to extract characters from the middle of employee names.
I9: 4 | J9: The UPPER, LOWER, and PROPER functions were used to format text consistently.

Sheet Day-6 Clean Dataset
A1: Employee ID | B1: Name | C1: Department | D1: Country | E1: Salary | F1: Date of Joining | G1: Performance Rating | H1: Gender | I1: Email | J1: Metric | K1: Salary | L1: Performance Rating | M1: Salary Category | N1: Condition | O1: Count | P1: First 3 Characters | Q1: Last 3 Characters | R1: Middle Characters | S1: Uppercase Name | T1: Lowercase Department | U1: Proper Department
A2: EMP1000 | B2: Unknown | C2: Finance | D2: Unknown | E2: Unknown | F2: Unknown | G2: 2 | H2: Unknown | I2: Unknown | J2: Total Salary | K2: =SUM(E:E) -> 9411892 | L2: =SUM(G:G) -> 359 | M2: =IF(E2="N/A","N/A",IF(E2>=70000,"High","Low")) -> High | N2: Salary >= 70000 | O2: =COUNTIF(E:E,">=70000") -> 63 | P2: =LEFT(B2,3) -> Unk | Q2: =RIGHT(B2,3) -> own | R2: =MID(B2,3,4) -> know | S2: =UPPER(B2) -> UNKNOWN | T2: =LOWER(C2) -> finance | U2: =PROPER(C2) -> Finance
A3: EMP1001 | B3: Eve Adams | C3: HR | D3: Germany | E3: 54255 | F3: 42015 | G3: 1 | H3: Other | I3: user106@example.com | J3: Average Salary | K3: =AVERAGE(E:E) -> 66280.93 | L3: =AVERAGE(G:G) -> 2.872 | M3: =IF(E3="N/A","N/A",IF(E3>=70000,"High","Low")) -> Low | N3: Performance Rating >= 4 | O3: =COUNTIF(G:G,">=4") -> 42 | P3: =LEFT(B3,3) -> Eve | Q3: =RIGHT(B3,3) -> ams | R3: =MID(B3,3,4) -> e Ad | S3: =UPPER(B3) -> EVE ADAMS | T3: =LOWER(C3) -> hr | U3: =PROPER(C3) -> Hr
A4: EMP1002 | B4: Alice Brown | C4: Finance | D4: Germany | E4: 63184 | F4: 42022 | G4: 2 | H4: Unknown | I4: user176@example.com | J4: Minimum Salary | K4: =MIN(E:E) -> 30280 | L4: =MIN(G:G) -> 1 | M4: =IF(E4="N/A","N/A",IF(E4>=70000,"High","Low")) -> Low | N4: Department = IT | O4: =COUNTIF(C:C,"IT") -> 25 | P4: =LEFT(B4,3) -> Ali | Q4: =RIGHT(B4,3) -> own | R4: =MID(B4,3,4) -> ice | S4: =UPPER(B4) -> ALICE BROWN | T4: =LOWER(C4) -> finance | U4: =PROPER(C4) -> Finance
A5: EMP1003 | B5: John Doe | C5: Sales | D5: USA | E5: 94406 | F5: 42029 | G5: 1 | H5: Male | I5: user168@example.com | J5: Maximum Salary | K5: =MAX(E:E) -> 99621 | L5: =MAX(G:G) -> 5 | M5: =IF(E5="N/A","N/A",IF(E5>=70000,"High","Low")) -> High | N5: Total Salary - IT | O5: =SUMIF(C:C,"IT",E:E) -> 1587780 | P5: =LEFT(B5,3) -> Joh | Q5: =RIGHT(B5,3) -> Doe | R5: =MID(B5,3,4) -> hn D | S5: =UPPER(B5) -> JOHN DOE | T5: =LOWER(C5) -> sales | U5: =PROPER(C5) -> Sales
A6: EMP1004 | B6: Jane Smith | C6: Sales | D6: Germany | E6: 64120 | F6: 42036 | G6: 1 | H6: Male | I6: user49@example.com | J6: Count Salary | K6: =COUNT(E:E) -> 142 | L6: =COUNT(G:G) -> 125 | M6: =IF(E6="N/A","N/A",IF(E6>=70000,"High","Low")) -> Low | N6: Average Salary - IT | O6: =AVERAGEIF(C:C,"IT",E:E) -> 66157.5 | P6: =LEFT(B6,3) -> Jan | Q6: =RIGHT(B6,3) -> ith | R6: =MID(B6,3,4) -> ne S | S6: =UPPER(B6) -> JANE SMITH | T6: =LOWER(C6) -> sales | U6: =PROPER(C6) -> Sales
A7: EMP1005 | B7: Alice Brown | C7: IT | D7: India | E7: 78421 | F7: 42043 | G7: 2 | H7: Female | I7: user24@example.com | M7: =IF(E7="N/A","N/A",IF(E7>=70000,"High","Low")) -> High | P7: =LEFT(B7,3) -> Ali | Q7: =RIGHT(B7,3) -> own | R7: =MID(B7,3,4) -> ice | S7: =UPPER(B7) -> ALICE BROWN | T7: =LOWER(C7) -> it | U7: =PROPER(C7) -> It
A8: EMP1006 | B8: Sam Wilson | C8: Sales | D8: Unknown | E8: 67721 | F8: 42050 | G8: Unknown | H8: Male | I8: user168@example.com | M8: =IF(E8="N/A","N/A",IF(E8>=70000,"High","Low")) -> Low | P8: =LEFT(B8,3) -> Sam | Q8: =RIGHT(B8,3) -> son | R8: =MID(B8,3,4) -> m Wi | S8: =UPPER(B8) -> SAM WILSON | T8: =LOWER(C8) -> sales | U8: =PROPER(C8) -> Sales
A9: EMP1007 | B9: Chris Lee | C9: Marketing | D9: Unknown | E9: 35364 | F9: 42057 | G9: 2 | H9: Other | I9: user26@example.com | M9: =IF(E9="N/A","N/A",IF(E9>=70000,"High","Low")) -> Low | P9: =LEFT(B9,3) -> Chr | Q9: =RIGHT(B9,3) -> Lee | R9: =MID(B9,3,4) -> ris | S9: =UPPER(B9) -> CHRIS LEE | T9: =LOWER(C9) -> marketing | U9: =PROPER(C9) -> Marketing
A10: EMP1008 | B10: Alice Brown | C10: IT | D10: Germany | E10: 97881 | F10: 42064 | G10: Unknown | H10: Female | I10: user25@example.com | M10: =IF(E10="N/A","N/A",IF(E10>=70000,"High","Low")) -> High | P10: =LEFT(B10,3) -> Ali | Q10: =RIGHT(B10,3) -> own | R10: =MID(B10,3,4) -> ice | S10: =UPPER(B10) -> ALICE BROWN | T10: =LOWER(C10) -> it | U10: =PROPER(C10) -> It
A11: EMP1009 | B11: Chris Lee | C11: HR | D11: UK | E11: 91846 | F11: 42071 | G11: Unknown | H11: Male | I11: user153@example.com | M11: =IF(E11="N/A","N/A",IF(E11>=70000,"High","Low")) -> High | P11: =LEFT(B11,3) -> Chr | Q11: =RIGHT(B11,3) -> Lee | R11: =MID(B11,3,4) -> ris | S11: =UPPER(B11) -> CHRIS LEE | T11: =LOWER(C11) -> hr | U11: =PROPER(C11) -> Hr
A12: EMP1010 | B12: Sam Wilson | C12: Finance | D12: UK | E12: 64247 | F12: 42078 | G12: 1 | H12: Female | I12: user18@example.com | M12: =IF(E12="N/A","N/A",IF(E12>=70000,"High","Low")) -> Low | P12: =LEFT(B12,3) -> Sam | Q12: =RIGHT(B12,3) -> son | R12: =MID(B12,3,4) -> m Wi | S12: =UPPER(B12) -> SAM WILSON | T12: =LOWER(C12) -> finance | U12: =PROPER(C12) -> Finance
A13: EMP1011 | B13: Sam Wilson | C13: IT | D13: USA | E13: 91180 | F13: 42085 | G13: 5 | H13: Male | I13: user1@example.com | M13: =IF(E13="N/A","N/A",IF(E13>=70000,"High","Low")) -> High | P13: =LEFT(B13,3) -> Sam | Q13: =RIGHT(B13,3) -> son | R13: =MID(B13,3,4) -> m Wi | S13: =UPPER(B13) -> SAM WILSON | T13: =LOWER(C13) -> it | U13: =PROPER(C13) -> It
A14: EMP1012 | B14: Bob Johnson | C14: Sales | D14: Unknown | E14: 96418 | F14: 42092 | G14: 5 | H14: Male | I14: user106@example.com | M14: =IF(E14="N/A","N/A",IF(E14>=70000,"High","Low")) -> High | P14: =LEFT(B14,3) -> Bob | Q14: =RIGHT(B14,3) -> son | R14: =MID(B14,3,4) -> b Jo | S14: =UPPER(B14) -> BOB JOHNSON | T14: =LOWER(C14) -> sales | U14: =PROPER(C14) -> Sales
A15: EMP1013 | B15: Sam Wilson | C15: Unknown | D15: India | E15: 62158 | F15: 42099 | G15: 4 | H15: Unknown | I15: user180@example.com | M15: =IF(E15="N/A","N/A",IF(E15>=70000,"High","Low")) -> Low | P15: =LEFT(B15,3) -> Sam | Q15: =RIGHT(B15,3) -> son | R15: =MID(B15,3,4) -> m Wi | S15: =UPPER(B15) -> SAM WILSON | T15: =LOWER(C15) -> unknown | U15: =PROPER(C15) -> Unknown
A16: EMP1014 | B16: Jane Smith | C16: HR | D16: Unknown | E16: 59894 | F16: 42106 | G16: 2 | H16: Male | I16: user184@example.com | M16: =IF(E16="N/A","N/A",IF(E16>=70000,"High","Low")) -> Low | P16: =LEFT(B16,3) -> Jan | Q16: =RIGHT(B16,3) -> ith | R16: =MID(B16,3,4) -> ne S | S16: =UPPER(B16) -> JANE SMITH | T16: =LOWER(C16) -> hr | U16: =PROPER(C16) -> Hr
A17: EMP1015 | B17: Unknown | C17: IT | D17: India | E17: 92443 | F17: 42113 | G17: 3 | H17: Other | I17: user3@example.com | M17: =IF(E17="N/A","N/A",IF(E17>=70000,"High","Low")) -> High | P17: =LEFT(B17,3) -> Unk | Q17: =RIGHT(B17,3) -> own | R17: =MID(B17,3,4) -> know | S17: =UPPER(B17) -> UNKNOWN | T17: =LOWER(C17) -> it | U17: =PROPER(C17) -> It
A18: EMP1016 | B18: Bob Johnson | C18: Unknown | D18: Germany | E18: 90271 | F18: 42120 | G18: Unknown | H18: Unknown | I18: user64@example.com | M18: =IF(E18="N/A","N/A",IF(E18>=70000,"High","Low")) -> High | P18: =LEFT(B18,3) -> Bob | Q18: =RIGHT(B18,3) -> son | R18: =MID(B18,3,4) -> b Jo | S18: =UPPER(B18) -> BOB JOHNSON | T18: =LOWER(C18) -> unknown | U18: =PROPER(C18) -> Unknown
A19: EMP1017 | B19: Jane Smith | C19: Finance | D19: Australia | E19: 41341 | F19: 42127 | G19: 1 | H19: Other | I19: user38@example.com | M19: =IF(E19="N/A","N/A",IF(E19>=70000,"High","Low")) -> Low | P19: =LEFT(B19,3) -> Jan | Q19: =RIGHT(B19,3) -> ith | R19: =MID(B19,3,4) -> ne S | S19: =UPPER(B19) -> JANE SMITH | T19: =LOWER(C19) -> finance | U19: =PROPER(C19) -> Finance
A20: EMP1018 | B20: Alice Brown | C20: Finance | D20: UK | E20: 73602 | F20: 42134 | G20: Unknown | H20: Unknown | I20: user96@example.com | M20: =IF(E20="N/A","N/A",IF(E20>=70000,"High","Low")) -> High | P20: =LEFT(B20,3) -> Ali | Q20: =RIGHT(B20,3) -> own | R20: =MID(B20,3,4) -> ice | S20: =UPPER(B20) -> ALICE BROWN | T20: =LOWER(C20) -> finance | U20: =PROPER(C20) -> Finance
A21: EMP1019 | B21: Eve Adams | C21: Unknown | D21: India | E21: 67531 | F21: 42141 | G21: 5 | H21: Female | I21: user151@example.com | M21: =IF(E21="N/A","N/A",IF(E21>=70000,"High","Low")) -> Low | P21: =LEFT(B21,3) -> Eve | Q21: =RIGHT(B21,3) -> ams | R21: =MID(B21,3,4) -> e Ad | S21: =UPPER(B21) -> EVE ADAMS | T21: =LOWER(C21) -> unknown | U21: =PROPER(C21) -> Unknown
A22: EMP1020 | B22: Jane Smith | C22: HR | D22: USA | E22: Unknown | F22: 42148 | G22: 2 | H22: Other | I22: user200@example.com | M22: =IF(E22="N/A","N/A",IF(E22>=70000,"High","Low")) -> High | P22: =LEFT(B22,3) -> Jan | Q22: =RIGHT(B22,3) -> ith | R22: =MID(B22,3,4) -> ne S | S22: =UPPER(B22) -> JANE SMITH | T22: =LOWER(C22) -> hr | U22: =PROPER(C22) -> Hr
A23: EMP1021 | B23: Jane Smith | C23: HR | D23: Unknown | E23: 98922 | F23: 42155 | G23: 4 | H23: Unknown | I23: user77@example.com | M23: =IF(E23="N/A","N/A",IF(E23>=70000,"High","Low")) -> High | P23: =LEFT(B23,3) -> Jan | Q23: =RIGHT(B23,3) -> ith | R23: =MID(B23,3,4) -> ne S | S23: =UPPER(B23) -> JANE SMITH | T23: =LOWER(C23) -> hr | U23: =PROPER(C23) -> Hr
A24: EMP1022 | B24: Eve Adams | C24: Finance | D24: India | E24: 38333 | F24: 42162 | G24: 5 | H24: Unknown | I24: user128@example.com | M24: =IF(E24="N/A","N/A",IF(E24>=70000,"High","Low")) -> Low | P24: =LEFT(B24,3) -> Eve | Q24: =RIGHT(B24,3) -> ams | R24: =MID(B24,3,4) -> e Ad | S24: =UPPER(B24) -> EVE ADAMS | T24: =LOWER(C24) -> finance | U24: =PROPER(C24) -> Finance
A25: EMP1023 | B25: Alice Brown | C25: Marketing | D25: UK | E25: 36515 | F25: 42169 | G25: 3 | H25: Male | I25: user149@example.com | M25: =IF(E25="N/A","N/A",IF(E25>=70000,"High","Low")) -> Low | P25: =LEFT(B25,3) -> Ali | Q25: =RIGHT(B25,3) -> own | R25: =MID(B25,3,4) -> ice | S25: =UPPER(B25) -> ALICE BROWN | T25: =LOWER(C25) -> marketing | U25: =PROPER(C25) -> Marketing
A26: EMP1024 | B26: Sam Wilson | C26: Finance | D26: Unknown | E26: 91005 | F26: 42176 | G26: 1 | H26: Other | I26: user122@example.com | M26: =IF(E26="N/A","N/A",IF(E26>=70000,"High","Low")) -> High | P26: =LEFT(B26,3) -> Sam | Q26: =RIGHT(B26,3) -> son | R26: =MID(B26,3,4) -> m Wi | S26: =UPPER(B26) -> SAM WILSON | T26: =LOWER(C26) -> finance | U26: =PROPER(C26) -> Finance
A27: EMP1025 | B27: Chris Lee | C27: Unknown | D27: Unknown | E27: 52272 | F27: 42183 | G27: 3 | H27: Unknown | I27: user41@example.com | M27: =IF(E27="N/A","N/A",IF(E27>=70000,"High","Low")) -> Low | P27: =LEFT(B27,3) -> Chr | Q27: =RIGHT(B27,3) -> Lee | R27: =MID(B27,3,4) -> ris | S27: =UPPER(B27) -> CHRIS LEE | T27: =LOWER(C27) -> unknown | U27: =PROPER(C27) -> Unknown
A28: EMP1026 | B28: Eve Adams | C28: Sales | D28: Germany | E28: 76518 | F28: 42190 | G28: 2 | H28: Female | I28: user68@example.com | M28: =IF(E28="N/A","N/A",IF(E28>=70000,"High","Low")) -> High | P28: =LEFT(B28,3) -> Eve | Q28: =RIGHT(B28,3) -> ams | R28: =MID(B28,3,4) -> e Ad | S28: =UPPER(B28) -> EVE ADAMS | T28: =LOWER(C28) -> sales | U28: =PROPER(C28) -> Sales
A29: EMP1027 | B29: Alice Brown | C29: IT | D29: UK | E29: 41448 | F29: 42197 | G29: 3 | H29: Other | I29: user103@example.com | M29: =IF(E29="N/A","N/A",IF(E29>=70000,"High","Low")) -> Low | P29: =LEFT(B29,3) -> Ali | Q29: =RIGHT(B29,3) -> own | R29: =MID(B29,3,4) -> ice | S29: =UPPER(B29) -> ALICE BROWN | T29: =LOWER(C29) -> it | U29: =PROPER(C29) -> It
A30: EMP1028 | B30: John Doe | C30: HR | D30: UK | E30: 49282 | F30: 42204 | G30: 2 | H30: Female | I30: user135@example.com | M30: =IF(E30="N/A","N/A",IF(E30>=70000,"High","Low")) -> Low | P30: =LEFT(B30,3) -> Joh | Q30: =RIGHT(B30,3) -> Doe | R30: =MID(B30,3,4) -> hn D | S30: =UPPER(B30) -> JOHN DOE | T30: =LOWER(C30) -> hr | U30: =PROPER(C30) -> Hr
A31: EMP1029 | B31: Bob Johnson | C31: Marketing | D31: UK | E31: 92959 | F31: 42211 | G31: 5 | H31: Unknown | I31: user83@example.com | M31: =IF(E31="N/A","N/A",IF(E31>=70000,"High","Low")) -> High | P31: =LEFT(B31,3) -> Bob | Q31: =RIGHT(B31,3) -> son | R31: =MID(B31,3,4) -> b Jo | S31: =UPPER(B31) -> BOB JOHNSON | T31: =LOWER(C31) -> marketing | U31: =PROPER(C31) -> Marketing
A32: EMP1030 | B32: Unknown | C32: Marketing | D32: Unknown | E32: 92259 | F32: Unknown | G32: 1 | H32: Unknown | I32: user109@example.com | M32: =IF(E32="N/A","N/A",IF(E32>=70000,"High","Low")) -> High | P32: =LEFT(B32,3) -> Unk | Q32: =RIGHT(B32,3) -> own | R32: =MID(B32,3,4) -> know | S32: =UPPER(B32) -> UNKNOWN | T32: =LOWER(C32) -> marketing | U32: =PROPER(C32) -> Marketing
A33: EMP1031 | B33: Eve Adams | C33: HR | D33: Germany | E33: 92299 | F33: 42225 | G33: 3 | H33: Male | I33: user143@example.com | M33: =IF(E33="N/A","N/A",IF(E33>=70000,"High","Low")) -> High | P33: =LEFT(B33,3) -> Eve | Q33: =RIGHT(B33,3) -> ams | R33: =MID(B33,3,4) -> e Ad | S33: =UPPER(B33) -> EVE ADAMS | T33: =LOWER(C33) -> hr | U33: =PROPER(C33) -> Hr
A34: EMP1032 | B34: Sam Wilson | C34: HR | D34: Unknown | E34: 95586 | F34: 42232 | G34: 3 | H34: Other | I34: user190@example.com | M34: =IF(E34="N/A","N/A",IF(E34>=70000,"High","Low")) -> High | P34: =LEFT(B34,3) -> Sam | Q34: =RIGHT(B34,3) -> son | R34: =MID(B34,3,4) -> m Wi | S34: =UPPER(B34) -> SAM WILSON | T34: =LOWER(C34) -> hr | U34: =PROPER(C34) -> Hr
A35: EMP1033 | B35: Chris Lee | C35: Unknown | D35: USA | E35: 95367 | F35: 42239 | G35: Unknown | H35: Male | I35: user136@example.com | M35: =IF(E35="N/A","N/A",IF(E35>=70000,"High","Low")) -> High | P35: =LEFT(B35,3) -> Chr | Q35: =RIGHT(B35,3) -> Lee | R35: =MID(B35,3,4) -> ris | S35: =UPPER(B35) -> CHRIS LEE | T35: =LOWER(C35) -> unknown | U35: =PROPER(C35) -> Unknown
A36: EMP1034 | B36: John Doe | C36: Sales | D36: Australia | E36: 79549 | F36: 42246 | G36: 3 | H36: Unknown | I36: user198@example.com | M36: =IF(E36="N/A","N/A",IF(E36>=70000,"High","Low")) -> High | P36: =LEFT(B36,3) -> Joh | Q36: =RIGHT(B36,3) -> Doe | R36: =MID(B36,3,4) -> hn D | S36: =UPPER(B36) -> JOHN DOE | T36: =LOWER(C36) -> sales | U36: =PROPER(C36) -> Sales
A37: EMP1035 | B37: Alice Brown | C37: Unknown | D37: UK | E37: 54463 | F37: 42253 | G37: 4 | H37: Male | I37: Unknown | M37: =IF(E37="N/A","N/A",IF(E37>=70000,"High","Low")) -> Low | P37: =LEFT(B37,3) -> Ali | Q37: =RIGHT(B37,3) -> own | R37: =MID(B37,3,4) -> ice | S37: =UPPER(B37) -> ALICE BROWN | T37: =LOWER(C37) -> unknown | U37: =PROPER(C37) -> Unknown
A38: EMP1036 | B38: Alice Brown | C38: IT | D38: USA | E38: 89781 | F38: 42260 | G38: Unknown | H38: Female | I38: user31@example.com | M38: =IF(E38="N/A","N/A",IF(E38>=70000,"High","Low")) -> High | P38: =LEFT(B38,3) -> Ali | Q38: =RIGHT(B38,3) -> own | R38: =MID(B38,3,4) -> ice | S38: =UPPER(B38) -> ALICE BROWN | T38: =LOWER(C38) -> it | U38: =PROPER(C38) -> It
A39: EMP1037 | B39: Alice Brown | C39: HR | D39: Unknown | E39: 64796 | F39: 42267 | G39: Unknown | H39: Other | I39: user98@example.com | M39: =IF(E39="N/A","N/A",IF(E39>=70000,"High","Low")) -> Low | P39: =LEFT(B39,3) -> Ali | Q39: =RIGHT(B39,3) -> own | R39: =MID(B39,3,4) -> ice | S39: =UPPER(B39) -> ALICE BROWN | T39: =LOWER(C39) -> hr | U39: =PROPER(C39) -> Hr
A40: EMP1038 | B40: John Doe | C40: Marketing | D40: UK | E40: 52093 | F40: 42274 | G40: 5 | H40: Unknown | I40: user154@example.com | M40: =IF(E40="N/A","N/A",IF(E40>=70000,"High","Low")) -> Low | P40: =LEFT(B40,3) -> Joh | Q40: =RIGHT(B40,3) -> Doe | R40: =MID(B40,3,4) -> hn D | S40: =UPPER(B40) -> JOHN DOE | T40: =LOWER(C40) -> marketing | U40: =PROPER(C40) -> Marketing
A41: EMP1039 | B41: Chris Lee | C41: HR | D41: UK | E41: 48224 | F41: 42281 | G41: 3 | H41: Unknown | I41: user42@example.com | M41: =IF(E41="N/A","N/A",IF(E41>=70000,"High","Low")) -> Low | P41: =LEFT(B41,3) -> Chr | Q41: =RIGHT(B41,3) -> Lee | R41: =MID(B41,3,4) -> ris | S41: =UPPER(B41) -> CHRIS LEE | T41: =LOWER(C41) -> hr | U41: =PROPER(C41) -> Hr
A42: EMP1040 | B42: Bob Johnson | C42: Finance | D42: UK | E42: Unknown | F42: Unknown | G42: 4 | H42: Female | I42: user89@example.com | M42: =IF(E42="N/A","N/A",IF(E42>=70000,"High","Low")) -> High | P42: =LEFT(B42,3) -> Bob | Q42: =RIGHT(B42,3) -> son | R42: =MID(B42,3,4) -> b Jo | S42: =UPPER(B42) -> BOB JOHNSON | T42: =LOWER(C42) -> finance | U42: =PROPER(C42) -> Finance
A43: EMP1041 | B43: Alice Brown | C43: IT | D43: Germany | E43: 33956 | F43: 42295 | G43: Unknown | H43: Unknown | I43: user47@example.com | M43: =IF(E43="N/A","N/A",IF(E43>=70000,"High","Low")) -> Low | P43: =LEFT(B43,3) -> Ali | Q43: =RIGHT(B43,3) -> own | R43: =MID(B43,3,4) -> ice | S43: =UPPER(B43) -> ALICE BROWN | T43: =LOWER(C43) -> it | U43: =PROPER(C43) -> It
A44: EMP1042 | B44: Bob Johnson | C44: Unknown | D44: Australia | E44: 64913 | F44: 42302 | G44: 1 | H44: Female | I44: user175@example.com | M44: =IF(E44="N/A","N/A",IF(E44>=70000,"High","Low")) -> Low | P44: =LEFT(B44,3) -> Bob | Q44: =RIGHT(B44,3) -> son | R44: =MID(B44,3,4) -> b Jo | S44: =UPPER(B44) -> BOB JOHNSON | T44: =LOWER(C44) -> unknown | U44: =PROPER(C44) -> Unknown
A45: EMP1043 | B45: Alice Brown | C45: Marketing | D45: Australia | E45: 35326 | F45: 42309 | G45: Unknown | H45: Female | I45: user57@example.com | M45: =IF(E45="N/A","N/A",IF(E45>=70000,"High","Low")) -> Low | P45: =LEFT(B45,3) -> Ali | Q45: =RIGHT(B45,3) -> own | R45: =MID(B45,3,4) -> ice | S45: =UPPER(B45) -> ALICE BROWN | T45: =LOWER(C45) -> marketing | U45: =PROPER(C45) -> Marketing
A46: EMP1044 | B46: Chris Lee | C46: Finance | D46: Unknown | E46: 81610 | F46: 42316 | G46: 1 | H46: Unknown | I46: user20@example.com | M46: =IF(E46="N/A","N/A",IF(E46>=70000,"High","Low")) -> High | P46: =LEFT(B46,3) -> Chr | Q46: =RIGHT(B46,3) -> Lee | R46: =MID(B46,3,4) -> ris | S46: =UPPER(B46) -> CHRIS LEE | T46: =LOWER(C46) -> finance | U46: =PROPER(C46) -> Finance
A47: EMP1045 | B47: Unknown | C47: HR | D47: Unknown | E47: 58962 | F47: 42323 | G47: 3 | H47: Other | I47: user106@example.com | M47: =IF(E47="N/A","N/A",IF(E47>=70000,"High","Low")) -> Low | P47: =LEFT(B47,3) -> Unk | Q47: =RIGHT(B47,3) -> own | R47: =MID(B47,3,4) -> know | S47: =UPPER(B47) -> UNKNOWN | T47: =LOWER(C47) -> hr | U47: =PROPER(C47) -> Hr
A48: EMP1046 | B48: Chris Lee | C48: IT | D48: Germany | E48: 92701 | F48: 42330 | G48: 3 | H48: Other | I48: user199@example.com | M48: =IF(E48="N/A","N/A",IF(E48>=70000,"High","Low")) -> High | P48: =LEFT(B48,3) -> Chr | Q48: =RIGHT(B48,3) -> Lee | R48: =MID(B48,3,4) -> ris | S48: =UPPER(B48) -> CHRIS LEE | T48: =LOWER(C48) -> it | U48: =PROPER(C48) -> It
A49: EMP1047 | B49: Chris Lee | C49: HR | D49: India | E49: 58245 | F49: 42337 | G49: 4 | H49: Unknown | I49: user43@example.com | M49: =IF(E49="N/A","N/A",IF(E49>=70000,"High","Low")) -> Low | P49: =LEFT(B49,3) -> Chr | Q49: =RIGHT(B49,3) -> Lee | R49: =MID(B49,3,4) -> ris | S49: =UPPER(B49) -> CHRIS LEE | T49: =LOWER(C49) -> hr | U49: =PROPER(C49) -> Hr
A50: EMP1048 | B50: John Doe | C50: Finance | D50: Unknown | E50: 66513 | F50: 42344 | G50: 2 | H50: Other | I50: user24@example.com | M50: =IF(E50="N/A","N/A",IF(E50>=70000,"High","Low")) -> Low | P50: =LEFT(B50,3) -> Joh | Q50: =RIGHT(B50,3) -> Doe | R50: =MID(B50,3,4) -> hn D | S50: =UPPER(B50) -> JOHN DOE | T50: =LOWER(C50) -> finance | U50: =PROPER(C50) -> Finance
A51: EMP1049 | B51: Eve Adams | C51: HR | D51: Germany | E51: 78720 | F51: 42351 | G51: 5 | H51: Female | I51: user89@example.com | M51: =IF(E51="N/A","N/A",IF(E51>=70000,"High","Low")) -> High | P51: =LEFT(B51,3) -> Eve | Q51: =RIGHT(B51,3) -> ams | R51: =MID(B51,3,4) -> e Ad | S51: =UPPER(B51) -> EVE ADAMS | T51: =LOWER(C51) -> hr | U51: =PROPER(C51) -> Hr
A52: EMP1050 | B52: Chris Lee | C52: Unknown | D52: Unknown | E52: 30686 | F52: Unknown | G52: 2 | H52: Female | I52: user95@example.com | M52: =IF(E52="N/A","N/A",IF(E52>=70000,"High","Low")) -> Low | P52: =LEFT(B52,3) -> Chr | Q52: =RIGHT(B52,3) -> Lee | R52: =MID(B52,3,4) -> ris | S52: =UPPER(B52) -> CHRIS LEE | T52: =LOWER(C52) -> unknown | U52: =PROPER(C52) -> Unknown
A53: EMP1051 | B53: Sam Wilson | C53: Sales | D53: India | E53: 39423 | F53: 42365 | G53: 5 | H53: Unknown | I53: user59@example.com | M53: =IF(E53="N/A","N/A",IF(E53>=70000,"High","Low")) -> Low | P53: =LEFT(B53,3) -> Sam | Q53: =RIGHT(B53,3) -> son | R53: =MID(B53,3,4) -> m Wi | S53: =UPPER(B53) -> SAM WILSON | T53: =LOWER(C53) -> sales | U53: =PROPER(C53) -> Sales
A54: EMP1052 | B54: Eve Adams | C54: Marketing | D54: Unknown | E54: 30280 | F54: 42372 | G54: 1 | H54: Unknown | I54: user152@example.com | M54: =IF(E54="N/A","N/A",IF(E54>=70000,"High","Low")) -> Low | P54: =LEFT(B54,3) -> Eve | Q54: =RIGHT(B54,3) -> ams | R54: =MID(B54,3,4) -> e Ad | S54: =UPPER(B54) -> EVE ADAMS | T54: =LOWER(C54) -> marketing | U54: =PROPER(C54) -> Marketing
A55: EMP1053 | B55: Eve Adams | C55: Finance | D55: UK | E55: 33352 | F55: 42379 | G55: 3 | H55: Female | I55: user200@example.com | M55: =IF(E55="N/A","N/A",IF(E55>=70000,"High","Low")) -> Low | P55: =LEFT(B55,3) -> Eve | Q55: =RIGHT(B55,3) -> ams | R55: =MID(B55,3,4) -> e Ad | S55: =UPPER(B55) -> EVE ADAMS | T55: =LOWER(C55) -> finance | U55: =PROPER(C55) -> Finance
A56: EMP1054 | B56: Bob Johnson | C56: Marketing | D56: UK | E56: 75633 | F56: 42386 | G56: 5 | H56: Other | I56: user92@example.com | M56: =IF(E56="N/A","N/A",IF(E56>=70000,"High","Low")) -> High | P56: =LEFT(B56,3) -> Bob | Q56: =RIGHT(B56,3) -> son | R56: =MID(B56,3,4) -> b Jo | S56: =UPPER(B56) -> BOB JOHNSON | T56: =LOWER(C56) -> marketing | U56: =PROPER(C56) -> Marketing
A57: EMP1055 | B57: Chris Lee | C57: Unknown | D57: USA | E57: 74815 | F57: 42393 | G57: 5 | H57: Female | I57: user50@example.com | M57: =IF(E57="N/A","N/A",IF(E57>=70000,"High","Low")) -> High | P57: =LEFT(B57,3) -> Chr | Q57: =RIGHT(B57,3) -> Lee | R57: =MID(B57,3,4) -> ris | S57: =UPPER(B57) -> CHRIS LEE | T57: =LOWER(C57) -> unknown | U57: =PROPER(C57) -> Unknown
A58: EMP1056 | B58: John Doe | C58: Sales | D58: Australia | E58: 60011 | F58: 42400 | G58: 1 | H58: Male | I58: user63@example.com | M58: =IF(E58="N/A","N/A",IF(E58>=70000,"High","Low")) -> Low | P58: =LEFT(B58,3) -> Joh | Q58: =RIGHT(B58,3) -> Doe | R58: =MID(B58,3,4) -> hn D | S58: =UPPER(B58) -> JOHN DOE | T58: =LOWER(C58) -> sales | U58: =PROPER(C58) -> Sales
A59: EMP1057 | B59: Eve Adams | C59: Unknown | D59: India | E59: 96949 | F59: 42407 | G59: 3 | H59: Unknown | I59: user103@example.com | M59: =IF(E59="N/A","N/A",IF(E59>=70000,"High","Low")) -> High | P59: =LEFT(B59,3) -> Eve | Q59: =RIGHT(B59,3) -> ams | R59: =MID(B59,3,4) -> e Ad | S59: =UPPER(B59) -> EVE ADAMS | T59: =LOWER(C59) -> unknown | U59: =PROPER(C59) -> Unknown
A60: EMP1058 | B60: Sam Wilson | C60: Marketing | D60: Unknown | E60: 84924 | F60: 42414 | G60: 5 | H60: Male | I60: user150@example.com | M60: =IF(E60="N/A","N/A",IF(E60>=70000,"High","Low")) -> High | P60: =LEFT(B60,3) -> Sam | Q60: =RIGHT(B60,3) -> son | R60: =MID(B60,3,4) -> m Wi | S60: =UPPER(B60) -> SAM WILSON | T60: =LOWER(C60) -> marketing | U60: =PROPER(C60) -> Marketing
A61: EMP1059 | B61: Sam Wilson | C61: Finance | D61: USA | E61: 82033 | F61: 42421 | G61: 1 | H61: Unknown | I61: user20@example.com | M61: =IF(E61="N/A","N/A",IF(E61>=70000,"High","Low")) -> High | P61: =LEFT(B61,3) -> Sam | Q61: =RIGHT(B61,3) -> son | R61: =MID(B61,3,4) -> m Wi | S61: =UPPER(B61) -> SAM WILSON | T61: =LOWER(C61) -> finance | U61: =PROPER(C61) -> Finance
A62: EMP1060 | B62: Unknown | C62: Marketing | D62: Germany | E62: Unknown | F62: Unknown | G62: 5 | H62: Unknown | I62: user112@example.com | M62: =IF(E62="N/A","N/A",IF(E62>=70000,"High","Low")) -> High | P62: =LEFT(B62,3) -> Unk | Q62: =RIGHT(B62,3) -> own | R62: =MID(B62,3,4) -> know | S62: =UPPER(B62) -> UNKNOWN | T62: =LOWER(C62) -> marketing | U62: =PROPER(C62) -> Marketing
A63: EMP1061 | B63: Eve Adams | C63: Unknown | D63: Australia | E63: 31499 | F63: 42435 | G63: 2 | H63: Unknown | I63: user31@example.com | M63: =IF(E63="N/A","N/A",IF(E63>=70000,"High","Low")) -> Low | P63: =LEFT(B63,3) -> Eve | Q63: =RIGHT(B63,3) -> ams | R63: =MID(B63,3,4) -> e Ad | S63: =UPPER(B63) -> EVE ADAMS | T63: =LOWER(C63) -> unknown | U63: =PROPER(C63) -> Unknown
A64: EMP1062 | B64: Chris Lee | C64: IT | D64: UK | E64: 97981 | F64: 42442 | G64: 5 | H64: Female | I64: user71@example.com | M64: =IF(E64="N/A","N/A",IF(E64>=70000,"High","Low")) -> High | P64: =LEFT(B64,3) -> Chr | Q64: =RIGHT(B64,3) -> Lee | R64: =MID(B64,3,4) -> ris | S64: =UPPER(B64) -> CHRIS LEE | T64: =LOWER(C64) -> it | U64: =PROPER(C64) -> It
A65: EMP1063 | B65: Eve Adams | C65: HR | D65: USA | E65: 36541 | F65: 42449 | G65: 2 | H65: Other | I65: user97@example.com | M65: =IF(E65="N/A","N/A",IF(E65>=70000,"High","Low")) -> Low | P65: =LEFT(B65,3) -> Eve | Q65: =RIGHT(B65,3) -> ams | R65: =MID(B65,3,4) -> e Ad | S65: =UPPER(B65) -> EVE ADAMS | T65: =LOWER(C65) -> hr | U65: =PROPER(C65) -> Hr
A66: EMP1064 | B66: John Doe | C66: IT | D66: India | E66: 84737 | F66: 42456 | G66: 1 | H66: Male | I66: user141@example.com | M66: =IF(E66="N/A","N/A",IF(E66>=70000,"High","Low")) -> High | P66: =LEFT(B66,3) -> Joh | Q66: =RIGHT(B66,3) -> Doe | R66: =MID(B66,3,4) -> hn D | S66: =UPPER(B66) -> JOHN DOE | T66: =LOWER(C66) -> it | U66: =PROPER(C66) -> It
A67: EMP1065 | B67: Sam Wilson | C67: Finance | D67: India | E67: 33468 | F67: 42463 | G67: 4 | H67: Male | I67: user125@example.com | M67: =IF(E67="N/A","N/A",IF(E67>=70000,"High","Low")) -> Low | P67: =LEFT(B67,3) -> Sam | Q67: =RIGHT(B67,3) -> son | R67: =MID(B67,3,4) -> m Wi | S67: =UPPER(B67) -> SAM WILSON | T67: =LOWER(C67) -> finance | U67: =PROPER(C67) -> Finance
A68: EMP1066 | B68: Sam Wilson | C68: Unknown | D68: Australia | E68: 96365 | F68: 42470 | G68: 3 | H68: Other | I68: user90@example.com | M68: =IF(E68="N/A","N/A",IF(E68>=70000,"High","Low")) -> High | P68: =LEFT(B68,3) -> Sam | Q68: =RIGHT(B68,3) -> son | R68: =MID(B68,3,4) -> m Wi | S68: =UPPER(B68) -> SAM WILSON | T68: =LOWER(C68) -> unknown | U68: =PROPER(C68) -> Unknown
A69: EMP1067 | B69: Alice Brown | C69: Sales | D69: India | E69: 61942 | F69: 42477 | G69: 3 | H69: Female | I69: user192@example.com | M69: =IF(E69="N/A","N/A",IF(E69>=70000,"High","Low")) -> Low | P69: =LEFT(B69,3) -> Ali | Q69: =RIGHT(B69,3) -> own | R69: =MID(B69,3,4) -> ice | S69: =UPPER(B69) -> ALICE BROWN | T69: =LOWER(C69) -> sales | U69: =PROPER(C69) -> Sales
A70: EMP1068 | B70: Sam Wilson | C70: Finance | D70: UK | E70: 41467 | F70: 42484 | G70: 2 | H70: Unknown | I70: user77@example.com | M70: =IF(E70="N/A","N/A",IF(E70>=70000,"High","Low")) -> Low | P70: =LEFT(B70,3) -> Sam | Q70: =RIGHT(B70,3) -> son | R70: =MID(B70,3,4) -> m Wi | S70: =UPPER(B70) -> SAM WILSON | T70: =LOWER(C70) -> finance | U70: =PROPER(C70) -> Finance
A71: EMP1069 | B71: Bob Johnson | C71: Finance | D71: India | E71: 77096 | F71: 42491 | G71: 1 | H71: Unknown | I71: user65@example.com | M71: =IF(E71="N/A","N/A",IF(E71>=70000,"High","Low")) -> High | P71: =LEFT(B71,3) -> Bob | Q71: =RIGHT(B71,3) -> son | R71: =MID(B71,3,4) -> b Jo | S71: =UPPER(B71) -> BOB JOHNSON | T71: =LOWER(C71) -> finance | U71: =PROPER(C71) -> Finance
A72: EMP1070 | B72: Eve Adams | C72: Sales | D72: Australia | E72: 69952 | F72: 42498 | G72: 5 | H72: Female | I72: Unknown | M72: =IF(E72="N/A","N/A",IF(E72>=70000,"High","Low")) -> Low | P72: =LEFT(B72,3) -> Eve | Q72: =RIGHT(B72,3) -> ams | R72: =MID(B72,3,4) -> e Ad | S72: =UPPER(B72) -> EVE ADAMS | T72: =LOWER(C72) -> sales | U72: =PROPER(C72) -> Sales
A73: EMP1071 | B73: Eve Adams | C73: Marketing | D73: USA | E73: 85065 | F73: 42505 | G73: 3 | H73: Unknown | I73: user142@example.com | M73: =IF(E73="N/A","N/A",IF(E73>=70000,"High","Low")) -> High | P73: =LEFT(B73,3) -> Eve | Q73: =RIGHT(B73,3) -> ams | R73: =MID(B73,3,4) -> e Ad | S73: =UPPER(B73) -> EVE ADAMS | T73: =LOWER(C73) -> marketing | U73: =PROPER(C73) -> Marketing
A74: EMP1072 | B74: Bob Johnson | C74: Marketing | D74: India | E74: 56512 | F74: 42512 | G74: Unknown | H74: Other | I74: user153@example.com | M74: =IF(E74="N/A","N/A",IF(E74>=70000,"High","Low")) -> Low | P74: =LEFT(B74,3) -> Bob | Q74: =RIGHT(B74,3) -> son | R74: =MID(B74,3,4) -> b Jo | S74: =UPPER(B74) -> BOB JOHNSON | T74: =LOWER(C74) -> marketing | U74: =PROPER(C74) -> Marketing
A75: EMP1073 | B75: John Doe | C75: Sales | D75: India | E75: 91101 | F75: 42519 | G75: 4 | H75: Female | I75: user71@example.com | M75: =IF(E75="N/A","N/A",IF(E75>=70000,"High","Low")) -> High | P75: =LEFT(B75,3) -> Joh | Q75: =RIGHT(B75,3) -> Doe | R75: =MID(B75,3,4) -> hn D | S75: =UPPER(B75) -> JOHN DOE | T75: =LOWER(C75) -> sales | U75: =PROPER(C75) -> Sales
A76: EMP1074 | B76: Sam Wilson | C76: Unknown | D76: Germany | E76: 41243 | F76: 42526 | G76: Unknown | H76: Unknown | I76: user143@example.com | M76: =IF(E76="N/A","N/A",IF(E76>=70000,"High","Low")) -> Low | P76: =LEFT(B76,3) -> Sam | Q76: =RIGHT(B76,3) -> son | R76: =MID(B76,3,4) -> m Wi | S76: =UPPER(B76) -> SAM WILSON | T76: =LOWER(C76) -> unknown | U76: =PROPER(C76) -> Unknown
A77: EMP1075 | B77: Unknown | C77: Sales | D77: Unknown | E77: 96142 | F77: 42533 | G77: 1 | H77: Other | I77: user17@example.com | M77: =IF(E77="N/A","N/A",IF(E77>=70000,"High","Low")) -> High | P77: =LEFT(B77,3) -> Unk | Q77: =RIGHT(B77,3) -> own | R77: =MID(B77,3,4) -> know | S77: =UPPER(B77) -> UNKNOWN | T77: =LOWER(C77) -> sales | U77: =PROPER(C77) -> Sales
A78: EMP1076 | B78: Eve Adams | C78: IT | D78: India | E78: 94301 | F78: 42540 | G78: 1 | H78: Male | I78: user20@example.com | M78: =IF(E78="N/A","N/A",IF(E78>=70000,"High","Low")) -> High | P78: =LEFT(B78,3) -> Eve | Q78: =RIGHT(B78,3) -> ams | R78: =MID(B78,3,4) -> e Ad | S78: =UPPER(B78) -> EVE ADAMS | T78: =LOWER(C78) -> it | U78: =PROPER(C78) -> It
A79: EMP1077 | B79: Jane Smith | C79: Unknown | D79: UK | E79: 69166 | F79: 42547 | G79: 1 | H79: Female | I79: user22@example.com | M79: =IF(E79="N/A","N/A",IF(E79>=70000,"High","Low")) -> Low | P79: =LEFT(B79,3) -> Jan | Q79: =RIGHT(B79,3) -> ith | R79: =MID(B79,3,4) -> ne S | S79: =UPPER(B79) -> JANE SMITH | T79: =LOWER(C79) -> unknown | U79: =PROPER(C79) -> Unknown
A80: EMP1078 | B80: Sam Wilson | C80: Unknown | D80: UK | E80: 78245 | F80: 42554 | G80: 2 | H80: Unknown | I80: user46@example.com | M80: =IF(E80="N/A","N/A",IF(E80>=70000,"High","Low")) -> High | P80: =LEFT(B80,3) -> Sam | Q80: =RIGHT(B80,3) -> son | R80: =MID(B80,3,4) -> m Wi | S80: =UPPER(B80) -> SAM WILSON | T80: =LOWER(C80) -> unknown | U80: =PROPER(C80) -> Unknown
A81: EMP1079 | B81: Chris Lee | C81: Sales | D81: USA | E81: 66079 | F81: 42561 | G81: 2 | H81: Other | I81: user55@example.com | M81: =IF(E81="N/A","N/A",IF(E81>=70000,"High","Low")) -> Low | P81: =LEFT(B81,3) -> Chr | Q81: =RIGHT(B81,3) -> Lee | R81: =MID(B81,3,4) -> ris | S81: =UPPER(B81) -> CHRIS LEE | T81: =LOWER(C81) -> sales | U81: =PROPER(C81) -> Sales
A82: EMP1080 | B82: Eve Adams | C82: Marketing | D82: India | E82: Unknown | F82: Unknown | G82: Unknown | H82: Unknown | I82: user135@example.com | M82: =IF(E82="N/A","N/A",IF(E82>=70000,"High","Low")) -> High | P82: =LEFT(B82,3) -> Eve | Q82: =RIGHT(B82,3) -> ams | R82: =MID(B82,3,4) -> e Ad | S82: =UPPER(B82) -> EVE ADAMS | T82: =LOWER(C82) -> marketing | U82: =PROPER(C82) -> Marketing
A83: EMP1081 | B83: Jane Smith | C83: Sales | D83: USA | E83: 95621 | F83: 42575 | G83: 3 | H83: Female | I83: user156@example.com | M83: =IF(E83="N/A","N/A",IF(E83>=70000,"High","Low")) -> High | P83: =LEFT(B83,3) -> Jan | Q83: =RIGHT(B83,3) -> ith | R83: =MID(B83,3,4) -> ne S | S83: =UPPER(B83) -> JANE SMITH | T83: =LOWER(C83) -> sales | U83: =PROPER(C83) -> Sales
A84: EMP1082 | B84: Eve Adams | C84: IT | D84: UK | E84: 42262 | F84: 42582 | G84: 1 | H84: Unknown | I84: user104@example.com | M84: =IF(E84="N/A","N/A",IF(E84>=70000,"High","Low")) -> Low | P84: =LEFT(B84,3) -> Eve | Q84: =RIGHT(B84,3) -> ams | R84: =MID(B84,3,4) -> e Ad | S84: =UPPER(B84) -> EVE ADAMS | T84: =LOWER(C84) -> it | U84: =PROPER(C84) -> It
A85: EMP1083 | B85: Sam Wilson | C85: Sales | D85: India | E85: 99621 | F85: 42589 | G85: Unknown | H85: Other | I85: user145@example.com | M85: =IF(E85="N/A","N/A",IF(E85>=70000,"High","Low")) -> High | P85: =LEFT(B85,3) -> Sam | Q85: =RIGHT(B85,3) -> son | R85: =MID(B85,3,4) -> m Wi | S85: =UPPER(B85) -> SAM WILSON | T85: =LOWER(C85) -> sales | U85: =PROPER(C85) -> Sales
A86: EMP1084 | B86: John Doe | C86: Marketing | D86: India | E86: 44682 | F86: 42596 | G86: 4 | H86: Female | I86: user47@example.com | M86: =IF(E86="N/A","N/A",IF(E86>=70000,"High","Low")) -> Low | P86: =LEFT(B86,3) -> Joh | Q86: =RIGHT(B86,3) -> Doe | R86: =MID(B86,3,4) -> hn D | S86: =UPPER(B86) -> JOHN DOE | T86: =LOWER(C86) -> marketing | U86: =PROPER(C86) -> Marketing
A87: EMP1085 | B87: Chris Lee | C87: Finance | D87: Unknown | E87: 35163 | F87: 42603 | G87: 5 | H87: Other | I87: user197@example.com | M87: =IF(E87="N/A","N/A",IF(E87>=70000,"High","Low")) -> Low | P87: =LEFT(B87,3) -> Chr | Q87: =RIGHT(B87,3) -> Lee | R87: =MID(B87,3,4) -> ris | S87: =UPPER(B87) -> CHRIS LEE | T87: =LOWER(C87) -> finance | U87: =PROPER(C87) -> Finance
A88: EMP1086 | B88: Chris Lee | C88: IT | D88: India | E88: 33483 | F88: 42610 | G88: 4 | H88: Male | I88: user177@example.com | M88: =IF(E88="N/A","N/A",IF(E88>=70000,"High","Low")) -> Low | P88: =LEFT(B88,3) -> Chr | Q88: =RIGHT(B88,3) -> Lee | R88: =MID(B88,3,4) -> ris | S88: =UPPER(B88) -> CHRIS LEE | T88: =LOWER(C88) -> it | U88: =PROPER(C88) -> It
A89: EMP1087 | B89: Sam Wilson | C89: HR | D89: Germany | E89: 55303 | F89: 42617 | G89: 4 | H89: Male | I89: user149@example.com | M89: =IF(E89="N/A","N/A",IF(E89>=70000,"High","Low")) -> Low | P89: =LEFT(B89,3) -> Sam | Q89: =RIGHT(B89,3) -> son | R89: =MID(B89,3,4) -> m Wi | S89: =UPPER(B89) -> SAM WILSON | T89: =LOWER(C89) -> hr | U89: =PROPER(C89) -> Hr
A90: EMP1088 | B90: Chris Lee | C90: IT | D90: Unknown | E90: 63434 | F90: 42624 | G90: 3 | H90: Unknown | I90: user48@example.com | M90: =IF(E90="N/A","N/A",IF(E90>=70000,"High","Low")) -> Low | P90: =LEFT(B90,3) -> Chr | Q90: =RIGHT(B90,3) -> Lee | R90: =MID(B90,3,4) -> ris | S90: =UPPER(B90) -> CHRIS LEE | T90: =LOWER(C90) -> it | U90: =PROPER(C90) -> It
A91: EMP1089 | B91: Jane Smith | C91: Unknown | D91: Australia | E91: 38830 | F91: 42631 | G91: 3 | H91: Other | I91: user149@example.com | M91: =IF(E91="N/A","N/A",IF(E91>=70000,"High","Low")) -> Low | P91: =LEFT(B91,3) -> Jan | Q91: =RIGHT(B91,3) -> ith | R91: =MID(B91,3,4) -> ne S | S91: =UPPER(B91) -> JANE SMITH | T91: =LOWER(C91) -> unknown | U91: =PROPER(C91) -> Unknown
A92: EMP1090 | B92: Unknown | C92: Marketing | D92: UK | E92: 50741 | F92: 42638 | G92: 3 | H92: Unknown | I92: user65@example.com | M92: =IF(E92="N/A","N/A",IF(E92>=70000,"High","Low")) -> Low | P92: =LEFT(B92,3) -> Unk | Q92: =RIGHT(B92,3) -> own | R92: =MID(B92,3,4) -> know | S92: =UPPER(B92) -> UNKNOWN | T92: =LOWER(C92) -> marketing | U92: =PROPER(C92) -> Marketing
A93: EMP1091 | B93: Alice Brown | C93: HR | D93: Australia | E93: 69420 | F93: 42645 | G93: 1 | H93: Male | I93: user43@example.com | M93: =IF(E93="N/A","N/A",IF(E93>=70000,"High","Low")) -> Low | P93: =LEFT(B93,3) -> Ali | Q93: =RIGHT(B93,3) -> own | R93: =MID(B93,3,4) -> ice | S93: =UPPER(B93) -> ALICE BROWN | T93: =LOWER(C93) -> hr | U93: =PROPER(C93) -> Hr
A94: EMP1092 | B94: Jane Smith | C94: IT | D94: Unknown | E94: 80588 | F94: 42652 | G94: 5 | H94: Male | I94: user98@example.com | M94: =IF(E94="N/A","N/A",IF(E94>=70000,"High","Low")) -> High | P94: =LEFT(B94,3) -> Jan | Q94: =RIGHT(B94,3) -> ith | R94: =MID(B94,3,4) -> ne S | S94: =UPPER(B94) -> JANE SMITH | T94: =LOWER(C94) -> it | U94: =PROPER(C94) -> It
A95: EMP1093 | B95: Alice Brown | C95: Unknown | D95: USA | E95: 76238 | F95: 42659 | G95: 4 | H95: Male | I95: user102@example.com | M95: =IF(E95="N/A","N/A",IF(E95>=70000,"High","Low")) -> High | P95: =LEFT(B95,3) -> Ali | Q95: =RIGHT(B95,3) -> own | R95: =MID(B95,3,4) -> ice | S95: =UPPER(B95) -> ALICE BROWN | T95: =LOWER(C95) -> unknown | U95: =PROPER(C95) -> Unknown
A96: EMP1094 | B96: Bob Johnson | C96: IT | D96: India | E96: 33264 | F96: 42666 | G96: Unknown | H96: Female | I96: user148@example.com | M96: =IF(E96="N/A","N/A",IF(E96>=70000,"High","Low")) -> Low | P96: =LEFT(B96,3) -> Bob | Q96: =RIGHT(B96,3) -> son | R96: =MID(B96,3,4) -> b Jo | S96: =UPPER(B96) -> BOB JOHNSON | T96: =LOWER(C96) -> it | U96: =PROPER(C96) -> It
A97: EMP1095 | B97: Alice Brown | C97: Finance | D97: Australia | E97: 96101 | F97: 42673 | G97: Unknown | H97: Other | I97: user155@example.com | M97: =IF(E97="N/A","N/A",IF(E97>=70000,"High","Low")) -> High | P97: =LEFT(B97,3) -> Ali | Q97: =RIGHT(B97,3) -> own | R97: =MID(B97,3,4) -> ice | S97: =UPPER(B97) -> ALICE BROWN | T97: =LOWER(C97) -> finance | U97: =PROPER(C97) -> Finance
A98: EMP1096 | B98: Jane Smith | C98: Finance | D98: USA | E98: 72939 | F98: 42680 | G98: 3 | H98: Unknown | I98: user191@example.com | M98: =IF(E98="N/A","N/A",IF(E98>=70000,"High","Low")) -> High | P98: =LEFT(B98,3) -> Jan | Q98: =RIGHT(B98,3) -> ith | R98: =MID(B98,3,4) -> ne S | S98: =UPPER(B98) -> JANE SMITH | T98: =LOWER(C98) -> finance | U98: =PROPER(C98) -> Finance
A99: EMP1097 | B99: Sam Wilson | C99: HR | D99: Germany | E99: 89333 | F99: 42687 | G99: 1 | H99: Male | I99: user113@example.com | M99: =IF(E99="N/A","N/A",IF(E99>=70000,"High","Low")) -> High | P99: =LEFT(B99,3) -> Sam | Q99: =RIGHT(B99,3) -> son | R99: =MID(B99,3,4) -> m Wi | S99: =UPPER(B99) -> SAM WILSON | T99: =LOWER(C99) -> hr | U99: =PROPER(C99) -> Hr
A100: EMP1098 | B100: Bob Johnson | C100: IT | D100: Australia | E100: 70470 | F100: 42694 | G100: Unknown | H100: Male | I100: user62@example.com | M100: =IF(E100="N/A","N/A",IF(E100>=70000,"High","Low")) -> High | P100: =LEFT(B100,3) -> Bob | Q100: =RIGHT(B100,3) -> son | R100: =MID(B100,3,4) -> b Jo | S100: =UPPER(B100) -> BOB JOHNSON | T100: =LOWER(C100) -> it | U100: =PROPER(C100) -> It
...

Sheet Day-6 Observations
I4: Day 6 – Data Validation & Cleaning Intro
H5: No. | I5: Observation
H6: 1 | I6: No duplicate records were found in the dataset.
H7: 2 | I7: Blank Name, Department, Country, Date of Joining, Performance Rating, and Gender values were identified and handled using Unknown.
H8: 3 | I8: Missing Salary values represented as N/A were handled using Unknown.
H9: 4 | I9: Invalid Email values were identified and replaced with Unknown.

Sheet Day-7 Clean Dataset
A1: Employee ID | B1: Name | C1: Department | D1: Country | E1: Salary | F1: Date of Joining | G1: Performance Rating | H1: Gender | I1: Email | J1: Metric | K1: Salary | L1: Performance Rating | M1: Salary Category | N1: Condition | O1: Count | P1: First 3 Characters | Q1: Last 3 Characters | R1: Middle Characters | S1: Uppercase Name | T1: Lowercase Department | U1: Proper Department
A2: EMP1000 | B2: Unknown | C2: Finance | D2: Unknown | E2: Unknown | F2: Unknown | G2: 2 | H2: Unknown | I2: Unknown | J2: Total Salary | K2: =SUM(E:E) -> 9411892 | L2: =SUM(G:G) -> 359 | M2: =IF(E2="N/A","N/A",IF(E2>=70000,"High","Low")) -> High | N2: Salary >= 70000 | O2: =COUNTIF(E:E,">=70000") -> 63 | P2: =LEFT(B2,3) -> Unk | Q2: =RIGHT(B2,3) -> own | R2: =MID(B2,3,4) -> know | S2: =UPPER(B2) -> UNKNOWN | T2: =LOWER(C2) -> finance | U2: =PROPER(C2) -> Finance
A3: EMP1001 | B3: Eve Adams | C3: HR | D3: Germany | E3: 54255 | F3: 42015 | G3: 1 | H3: Other | I3: user106@example.com | J3: Average Salary | K3: =AVERAGE(E:E) -> 66280.93 | L3: =AVERAGE(G:G) -> 2.872 | M3: =IF(E3="N/A","N/A",IF(E3>=70000,"High","Low")) -> Low | N3: Performance Rating >= 4 | O3: =COUNTIF(G:G,">=4") -> 42 | P3: =LEFT(B3,3) -> Eve | Q3: =RIGHT(B3,3) -> ams | R3: =MID(B3,3,4) -> e Ad | S3: =UPPER(B3) -> EVE ADAMS | T3: =LOWER(C3) -> hr | U3: =PROPER(C3) -> Hr
A4: EMP1002 | B4: Alice Brown | C4: Finance | D4: Germany | E4: 63184 | F4: 42022 | G4: 2 | H4: Unknown | I4: user176@example.com | J4: Minimum Salary | K4: =MIN(E:E) -> 30280 | L4: =MIN(G:G) -> 1 | M4: =IF(E4="N/A","N/A",IF(E4>=70000,"High","Low")) -> Low | N4: Department = IT | O4: =COUNTIF(C:C,"IT") -> 25 | P4: =LEFT(B4,3) -> Ali | Q4: =RIGHT(B4,3) -> own | R4: =MID(B4,3,4) -> ice | S4: =UPPER(B4) -> ALICE BROWN | T4: =LOWER(C4) -> finance | U4: =PROPER(C4) -> Finance
A5: EMP1003 | B5: John Doe | C5: Sales | D5: USA | E5: 94406 | F5: 42029 | G5: 1 | H5: Male | I5: user168@example.com | J5: Maximum Salary | K5: =MAX(E:E) -> 99621 | L5: =MAX(G:G) -> 5 | M5: =IF(E5="N/A","N/A",IF(E5>=70000,"High","Low")) -> High | N5: Total Salary - IT | O5: =SUMIF(C:C,"IT",E:E) -> 1587780 | P5: =LEFT(B5,3) -> Joh | Q5: =RIGHT(B5,3) -> Doe | R5: =MID(B5,3,4) -> hn D | S5: =UPPER(B5) -> JOHN DOE | T5: =LOWER(C5) -> sales | U5: =PROPER(C5) -> Sales
A6: EMP1004 | B6: Jane Smith | C6: Sales | D6: Germany | E6: 64120 | F6: 42036 | G6: 1 | H6: Male | I6: user49@example.com | J6: Count Salary | K6: =COUNT(E:E) -> 142 | L6: =COUNT(G:G) -> 125 | M6: =IF(E6="N/A","N/A",IF(E6>=70000,"High","Low")) -> Low | N6: Average Salary - IT | O6: =AVERAGEIF(C:C,"IT",E:E) -> 66157.5 | P6: =LEFT(B6,3) -> Jan | Q6: =RIGHT(B6,3) -> ith | R6: =MID(B6,3,4) -> ne S | S6: =UPPER(B6) -> JANE SMITH | T6: =LOWER(C6) -> sales | U6: =PROPER(C6) -> Sales
A7: EMP1005 | B7: Alice Brown | C7: IT | D7: India | E7: 78421 | F7: 42043 | G7: 2 | H7: Female | I7: user24@example.com | M7: =IF(E7="N/A","N/A",IF(E7>=70000,"High","Low")) -> High | P7: =LEFT(B7,3) -> Ali | Q7: =RIGHT(B7,3) -> own | R7: =MID(B7,3,4) -> ice | S7: =UPPER(B7) -> ALICE BROWN | T7: =LOWER(C7) -> it | U7: =PROPER(C7) -> It
A8: EMP1006 | B8: Sam Wilson | C8: Sales | D8: Unknown | E8: 67721 | F8: 42050 | G8: Unknown | H8: Male | I8: user168@example.com | M8: =IF(E8="N/A","N/A",IF(E8>=70000,"High","Low")) -> Low | P8: =LEFT(B8,3) -> Sam | Q8: =RIGHT(B8,3) -> son | R8: =MID(B8,3,4) -> m Wi | S8: =UPPER(B8) -> SAM WILSON | T8: =LOWER(C8) -> sales | U8: =PROPER(C8) -> Sales
A9: EMP1007 | B9: Chris Lee | C9: Marketing | D9: Unknown | E9: 35364 | F9: 42057 | G9: 2 | H9: Other | I9: user26@example.com | M9: =IF(E9="N/A","N/A",IF(E9>=70000,"High","Low")) -> Low | P9: =LEFT(B9,3) -> Chr | Q9: =RIGHT(B9,3) -> Lee | R9: =MID(B9,3,4) -> ris | S9: =UPPER(B9) -> CHRIS LEE | T9: =LOWER(C9) -> marketing | U9: =PROPER(C9) -> Marketing
A10: EMP1008 | B10: Alice Brown | C10: IT | D10: Germany | E10: 97881 | F10: 42064 | G10: Unknown | H10: Female | I10: user25@example.com | M10: =IF(E10="N/A","N/A",IF(E10>=70000,"High","Low")) -> High | P10: =LEFT(B10,3) -> Ali | Q10: =RIGHT(B10,3) -> own | R10: =MID(B10,3,4) -> ice | S10: =UPPER(B10) -> ALICE BROWN | T10: =LOWER(C10) -> it | U10: =PROPER(C10) -> It
A11: EMP1009 | B11: Chris Lee | C11: HR | D11: UK | E11: 91846 | F11: 42071 | G11: Unknown | H11: Male | I11: user153@example.com | M11: =IF(E11="N/A","N/A",IF(E11>=70000,"High","Low")) -> High | P11: =LEFT(B11,3) -> Chr | Q11: =RIGHT(B11,3) -> Lee | R11: =MID(B11,3,4) -> ris | S11: =UPPER(B11) -> CHRIS LEE | T11: =LOWER(C11) -> hr | U11: =PROPER(C11) -> Hr
A12: EMP1010 | B12: Sam Wilson | C12: Finance | D12: UK | E12: 64247 | F12: 42078 | G12: 1 | H12: Female | I12: user18@example.com | M12: =IF(E12="N/A","N/A",IF(E12>=70000,"High","Low")) -> Low | P12: =LEFT(B12,3) -> Sam | Q12: =RIGHT(B12,3) -> son | R12: =MID(B12,3,4) -> m Wi | S12: =UPPER(B12) -> SAM WILSON | T12: =LOWER(C12) -> finance | U12: =PROPER(C12) -> Finance
A13: EMP1011 | B13: Sam Wilson | C13: IT | D13: USA | E13: 91180 | F13: 42085 | G13: 5 | H13: Male | I13: user1@example.com | M13: =IF(E13="N/A","N/A",IF(E13>=70000,"High","Low")) -> High | P13: =LEFT(B13,3) -> Sam | Q13: =RIGHT(B13,3) -> son | R13: =MID(B13,3,4) -> m Wi | S13: =UPPER(B13) -> SAM WILSON | T13: =LOWER(C13) -> it | U13: =PROPER(C13) -> It
A14: EMP1012 | B14: Bob Johnson | C14: Sales | D14: Unknown | E14: 96418 | F14: 42092 | G14: 5 | H14: Male | I14: user106@example.com | M14: =IF(E14="N/A","N/A",IF(E14>=70000,"High","Low")) -> High | P14: =LEFT(B14,3) -> Bob | Q14: =RIGHT(B14,3) -> son | R14: =MID(B14,3,4) -> b Jo | S14: =UPPER(B14) -> BOB JOHNSON | T14: =LOWER(C14) -> sales | U14: =PROPER(C14) -> Sales
A15: EMP1013 | B15: Sam Wilson | C15: Unknown | D15: India | E15: 62158 | F15: 42099 | G15: 4 | H15: Unknown | I15: user180@example.com | M15: =IF(E15="N/A","N/A",IF(E15>=70000,"High","Low")) -> Low | P15: =LEFT(B15,3) -> Sam | Q15: =RIGHT(B15,3) -> son | R15: =MID(B15,3,4) -> m Wi | S15: =UPPER(B15) -> SAM WILSON | T15: =LOWER(C15) -> unknown | U15: =PROPER(C15) -> Unknown
A16: EMP1014 | B16: Jane Smith | C16: HR | D16: Unknown | E16: 59894 | F16: 42106 | G16: 2 | H16: Male | I16: user184@example.com | M16: =IF(E16="N/A","N/A",IF(E16>=70000,"High","Low")) -> Low | P16: =LEFT(B16,3) -> Jan | Q16: =RIGHT(B16,3) -> ith | R16: =MID(B16,3,4) -> ne S | S16: =UPPER(B16) -> JANE SMITH | T16: =LOWER(C16) -> hr | U16: =PROPER(C16) -> Hr
A17: EMP1015 | B17: Unknown | C17: IT | D17: India | E17: 92443 | F17: 42113 | G17: 3 | H17: Other | I17: user3@example.com | M17: =IF(E17="N/A","N/A",IF(E17>=70000,"High","Low")) -> High | P17: =LEFT(B17,3) -> Unk | Q17: =RIGHT(B17,3) -> own | R17: =MID(B17,3,4) -> know | S17: =UPPER(B17) -> UNKNOWN | T17: =LOWER(C17) -> it | U17: =PROPER(C17) -> It
A18: EMP1016 | B18: Bob Johnson | C18: Unknown | D18: Germany | E18: 90271 | F18: 42120 | G18: Unknown | H18: Unknown | I18: user64@example.com | M18: =IF(E18="N/A","N/A",IF(E18>=70000,"High","Low")) -> High | P18: =LEFT(B18,3) -> Bob | Q18: =RIGHT(B18,3) -> son | R18: =MID(B18,3,4) -> b Jo | S18: =UPPER(B18) -> BOB JOHNSON | T18: =LOWER(C18) -> unknown | U18: =PROPER(C18) -> Unknown
A19: EMP1017 | B19: Jane Smith | C19: Finance | D19: Australia | E19: 41341 | F19: 42127 | G19: 1 | H19: Other | I19: user38@example.com | M19: =IF(E19="N/A","N/A",IF(E19>=70000,"High","Low")) -> Low | P19: =LEFT(B19,3) -> Jan | Q19: =RIGHT(B19,3) -> ith | R19: =MID(B19,3,4) -> ne S | S19: =UPPER(B19) -> JANE SMITH | T19: =LOWER(C19) -> finance | U19: =PROPER(C19) -> Finance
A20: EMP1018 | B20: Alice Brown | C20: Finance | D20: UK | E20: 73602 | F20: 42134 | G20: Unknown | H20: Unknown | I20: user96@example.com | M20: =IF(E20="N/A","N/A",IF(E20>=70000,"High","Low")) -> High | P20: =LEFT(B20,3) -> Ali | Q20: =RIGHT(B20,3) -> own | R20: =MID(B20,3,4) -> ice | S20: =UPPER(B20) -> ALICE BROWN | T20: =LOWER(C20) -> finance | U20: =PROPER(C20) -> Finance
A21: EMP1019 | B21: Eve Adams | C21: Unknown | D21: India | E21: 67531 | F21: 42141 | G21: 5 | H21: Female | I21: user151@example.com | M21: =IF(E21="N/A","N/A",IF(E21>=70000,"High","Low")) -> Low | P21: =LEFT(B21,3) -> Eve | Q21: =RIGHT(B21,3) -> ams | R21: =MID(B21,3,4) -> e Ad | S21: =UPPER(B21) -> EVE ADAMS | T21: =LOWER(C21) -> unknown | U21: =PROPER(C21) -> Unknown
A22: EMP1020 | B22: Jane Smith | C22: HR | D22: USA | E22: Unknown | F22: 42148 | G22: 2 | H22: Other | I22: user200@example.com | M22: =IF(E22="N/A","N/A",IF(E22>=70000,"High","Low")) -> High | P22: =LEFT(B22,3) -> Jan | Q22: =RIGHT(B22,3) -> ith | R22: =MID(B22,3,4) -> ne S | S22: =UPPER(B22) -> JANE SMITH | T22: =LOWER(C22) -> hr | U22: =PROPER(C22) -> Hr
A23: EMP1021 | B23: Jane Smith | C23: HR | D23: Unknown | E23: 98922 | F23: 42155 | G23: 4 | H23: Unknown | I23: user77@example.com | M23: =IF(E23="N/A","N/A",IF(E23>=70000,"High","Low")) -> High | P23: =LEFT(B23,3) -> Jan | Q23: =RIGHT(B23,3) -> ith | R23: =MID(B23,3,4) -> ne S | S23: =UPPER(B23) -> JANE SMITH | T23: =LOWER(C23) -> hr | U23: =PROPER(C23) -> Hr
A24: EMP1022 | B24: Eve Adams | C24: Finance | D24: India | E24: 38333 | F24: 42162 | G24: 5 | H24: Unknown | I24: user128@example.com | M24: =IF(E24="N/A","N/A",IF(E24>=70000,"High","Low")) -> Low | P24: =LEFT(B24,3) -> Eve | Q24: =RIGHT(B24,3) -> ams | R24: =MID(B24,3,4) -> e Ad | S24: =UPPER(B24) -> EVE ADAMS | T24: =LOWER(C24) -> finance | U24: =PROPER(C24) -> Finance
A25: EMP1023 | B25: Alice Brown | C25: Marketing | D25: UK | E25: 36515 | F25: 42169 | G25: 3 | H25: Male | I25: user149@example.com | M25: =IF(E25="N/A","N/A",IF(E25>=70000,"High","Low")) -> Low | P25: =LEFT(B25,3) -> Ali | Q25: =RIGHT(B25,3) -> own | R25: =MID(B25,3,4) -> ice | S25: =UPPER(B25) -> ALICE BROWN | T25: =LOWER(C25) -> marketing | U25: =PROPER(C25) -> Marketing
A26: EMP1024 | B26: Sam Wilson | C26: Finance | D26: Unknown | E26: 91005 | F26: 42176 | G26: 1 | H26: Other | I26: user122@example.com | M26: =IF(E26="N/A","N/A",IF(E26>=70000,"High","Low")) -> High | P26: =LEFT(B26,3) -> Sam | Q26: =RIGHT(B26,3) -> son | R26: =MID(B26,3,4) -> m Wi | S26: =UPPER(B26) -> SAM WILSON | T26: =LOWER(C26) -> finance | U26: =PROPER(C26) -> Finance
A27: EMP1025 | B27: Chris Lee | C27: Unknown | D27: Unknown | E27: 52272 | F27: 42183 | G27: 3 | H27: Unknown | I27: user41@example.com | M27: =IF(E27="N/A","N/A",IF(E27>=70000,"High","Low")) -> Low | P27: =LEFT(B27,3) -> Chr | Q27: =RIGHT(B27,3) -> Lee | R27: =MID(B27,3,4) -> ris | S27: =UPPER(B27) -> CHRIS LEE | T27: =LOWER(C27) -> unknown | U27: =PROPER(C27) -> Unknown
A28: EMP1026 | B28: Eve Adams | C28: Sales | D28: Germany | E28: 76518 | F28: 42190 | G28: 2 | H28: Female | I28: user68@example.com | M28: =IF(E28="N/A","N/A",IF(E28>=70000,"High","Low")) -> High | P28: =LEFT(B28,3) -> Eve | Q28: =RIGHT(B28,3) -> ams | R28: =MID(B28,3,4) -> e Ad | S28: =UPPER(B28) -> EVE ADAMS | T28: =LOWER(C28) -> sales | U28: =PROPER(C28) -> Sales
A29: EMP1027 | B29: Alice Brown | C29: IT | D29: UK | E29: 41448 | F29: 42197 | G29: 3 | H29: Other | I29: user103@example.com | M29: =IF(E29="N/A","N/A",IF(E29>=70000,"High","Low")) -> Low | P29: =LEFT(B29,3) -> Ali | Q29: =RIGHT(B29,3) -> own | R29: =MID(B29,3,4) -> ice | S29: =UPPER(B29) -> ALICE BROWN | T29: =LOWER(C29) -> it | U29: =PROPER(C29) -> It
A30: EMP1028 | B30: John Doe | C30: HR | D30: UK | E30: 49282 | F30: 42204 | G30: 2 | H30: Female | I30: user135@example.com | M30: =IF(E30="N/A","N/A",IF(E30>=70000,"High","Low")) -> Low | P30: =LEFT(B30,3) -> Joh | Q30: =RIGHT(B30,3) -> Doe | R30: =MID(B30,3,4) -> hn D | S30: =UPPER(B30) -> JOHN DOE | T30: =LOWER(C30) -> hr | U30: =PROPER(C30) -> Hr
A31: EMP1029 | B31: Bob Johnson | C31: Marketing | D31: UK | E31: 92959 | F31: 42211 | G31: 5 | H31: Unknown | I31: user83@example.com | M31: =IF(E31="N/A","N/A",IF(E31>=70000,"High","Low")) -> High | P31: =LEFT(B31,3) -> Bob | Q31: =RIGHT(B31,3) -> son | R31: =MID(B31,3,4) -> b Jo | S31: =UPPER(B31) -> BOB JOHNSON | T31: =LOWER(C31) -> marketing | U31: =PROPER(C31) -> Marketing
A32: EMP1030 | B32: Unknown | C32: Marketing | D32: Unknown | E32: 92259 | F32: Unknown | G32: 1 | H32: Unknown | I32: user109@example.com | M32: =IF(E32="N/A","N/A",IF(E32>=70000,"High","Low")) -> High | P32: =LEFT(B32,3) -> Unk | Q32: =RIGHT(B32,3) -> own | R32: =MID(B32,3,4) -> know | S32: =UPPER(B32) -> UNKNOWN | T32: =LOWER(C32) -> marketing | U32: =PROPER(C32) -> Marketing
A33: EMP1031 | B33: Eve Adams | C33: HR | D33: Germany | E33: 92299 | F33: 42225 | G33: 3 | H33: Male | I33: user143@example.com | M33: =IF(E33="N/A","N/A",IF(E33>=70000,"High","Low")) -> High | P33: =LEFT(B33,3) -> Eve | Q33: =RIGHT(B33,3) -> ams | R33: =MID(B33,3,4) -> e Ad | S33: =UPPER(B33) -> EVE ADAMS | T33: =LOWER(C33) -> hr | U33: =PROPER(C33) -> Hr
A34: EMP1032 | B34: Sam Wilson | C34: HR | D34: Unknown | E34: 95586 | F34: 42232 | G34: 3 | H34: Other | I34: user190@example.com | M34: =IF(E34="N/A","N/A",IF(E34>=70000,"High","Low")) -> High | P34: =LEFT(B34,3) -> Sam | Q34: =RIGHT(B34,3) -> son | R34: =MID(B34,3,4) -> m Wi | S34: =UPPER(B34) -> SAM WILSON | T34: =LOWER(C34) -> hr | U34: =PROPER(C34) -> Hr
A35: EMP1033 | B35: Chris Lee | C35: Unknown | D35: USA | E35: 95367 | F35: 42239 | G35: Unknown | H35: Male | I35: user136@example.com | M35: =IF(E35="N/A","N/A",IF(E35>=70000,"High","Low")) -> High | P35: =LEFT(B35,3) -> Chr | Q35: =RIGHT(B35,3) -> Lee | R35: =MID(B35,3,4) -> ris | S35: =UPPER(B35) -> CHRIS LEE | T35: =LOWER(C35) -> unknown | U35: =PROPER(C35) -> Unknown
A36: EMP1034 | B36: John Doe | C36: Sales | D36: Australia | E36: 79549 | F36: 42246 | G36: 3 | H36: Unknown | I36: user198@example.com | M36: =IF(E36="N/A","N/A",IF(E36>=70000,"High","Low")) -> High | P36: =LEFT(B36,3) -> Joh | Q36: =RIGHT(B36,3) -> Doe | R36: =MID(B36,3,4) -> hn D | S36: =UPPER(B36) -> JOHN DOE | T36: =LOWER(C36) -> sales | U36: =PROPER(C36) -> Sales
A37: EMP1035 | B37: Alice Brown | C37: Unknown | D37: UK | E37: 54463 | F37: 42253 | G37: 4 | H37: Male | I37: Unknown | M37: =IF(E37="N/A","N/A",IF(E37>=70000,"High","Low")) -> Low | P37: =LEFT(B37,3) -> Ali | Q37: =RIGHT(B37,3) -> own | R37: =MID(B37,3,4) -> ice | S37: =UPPER(B37) -> ALICE BROWN | T37: =LOWER(C37) -> unknown | U37: =PROPER(C37) -> Unknown
A38: EMP1036 | B38: Alice Brown | C38: IT | D38: USA | E38: 89781 | F38: 42260 | G38: Unknown | H38: Female | I38: user31@example.com | M38: =IF(E38="N/A","N/A",IF(E38>=70000,"High","Low")) -> High | P38: =LEFT(B38,3) -> Ali | Q38: =RIGHT(B38,3) -> own | R38: =MID(B38,3,4) -> ice | S38: =UPPER(B38) -> ALICE BROWN | T38: =LOWER(C38) -> it | U38: =PROPER(C38) -> It
A39: EMP1037 | B39: Alice Brown | C39: HR | D39: Unknown | E39: 64796 | F39: 42267 | G39: Unknown | H39: Other | I39: user98@example.com | M39: =IF(E39="N/A","N/A",IF(E39>=70000,"High","Low")) -> Low | P39: =LEFT(B39,3) -> Ali | Q39: =RIGHT(B39,3) -> own | R39: =MID(B39,3,4) -> ice | S39: =UPPER(B39) -> ALICE BROWN | T39: =LOWER(C39) -> hr | U39: =PROPER(C39) -> Hr
A40: EMP1038 | B40: John Doe | C40: Marketing | D40: UK | E40: 52093 | F40: 42274 | G40: 5 | H40: Unknown | I40: user154@example.com | M40: =IF(E40="N/A","N/A",IF(E40>=70000,"High","Low")) -> Low | P40: =LEFT(B40,3) -> Joh | Q40: =RIGHT(B40,3) -> Doe | R40: =MID(B40,3,4) -> hn D | S40: =UPPER(B40) -> JOHN DOE | T40: =LOWER(C40) -> marketing | U40: =PROPER(C40) -> Marketing
A41: EMP1039 | B41: Chris Lee | C41: HR | D41: UK | E41: 48224 | F41: 42281 | G41: 3 | H41: Unknown | I41: user42@example.com | M41: =IF(E41="N/A","N/A",IF(E41>=70000,"High","Low")) -> Low | P41: =LEFT(B41,3) -> Chr | Q41: =RIGHT(B41,3) -> Lee | R41: =MID(B41,3,4) -> ris | S41: =UPPER(B41) -> CHRIS LEE | T41: =LOWER(C41) -> hr | U41: =PROPER(C41) -> Hr
A42: EMP1040 | B42: Bob Johnson | C42: Finance | D42: UK | E42: Unknown | F42: Unknown | G42: 4 | H42: Female | I42: user89@example.com | M42: =IF(E42="N/A","N/A",IF(E42>=70000,"High","Low")) -> High | P42: =LEFT(B42,3) -> Bob | Q42: =RIGHT(B42,3) -> son | R42: =MID(B42,3,4) -> b Jo | S42: =UPPER(B42) -> BOB JOHNSON | T42: =LOWER(C42) -> finance | U42: =PROPER(C42) -> Finance
A43: EMP1041 | B43: Alice Brown | C43: IT | D43: Germany | E43: 33956 | F43: 42295 | G43: Unknown | H43: Unknown | I43: user47@example.com | M43: =IF(E43="N/A","N/A",IF(E43>=70000,"High","Low")) -> Low | P43: =LEFT(B43,3) -> Ali | Q43: =RIGHT(B43,3) -> own | R43: =MID(B43,3,4) -> ice | S43: =UPPER(B43) -> ALICE BROWN | T43: =LOWER(C43) -> it | U43: =PROPER(C43) -> It
A44: EMP1042 | B44: Bob Johnson | C44: Unknown | D44: Australia | E44: 64913 | F44: 42302 | G44: 1 | H44: Female | I44: user175@example.com | M44: =IF(E44="N/A","N/A",IF(E44>=70000,"High","Low")) -> Low | P44: =LEFT(B44,3) -> Bob | Q44: =RIGHT(B44,3) -> son | R44: =MID(B44,3,4) -> b Jo | S44: =UPPER(B44) -> BOB JOHNSON | T44: =LOWER(C44) -> unknown | U44: =PROPER(C44) -> Unknown
A45: EMP1043 | B45: Alice Brown | C45: Marketing | D45: Australia | E45: 35326 | F45: 42309 | G45: Unknown | H45: Female | I45: user57@example.com | M45: =IF(E45="N/A","N/A",IF(E45>=70000,"High","Low")) -> Low | P45: =LEFT(B45,3) -> Ali | Q45: =RIGHT(B45,3) -> own | R45: =MID(B45,3,4) -> ice | S45: =UPPER(B45) -> ALICE BROWN | T45: =LOWER(C45) -> marketing | U45: =PROPER(C45) -> Marketing
A46: EMP1044 | B46: Chris Lee | C46: Finance | D46: Unknown | E46: 81610 | F46: 42316 | G46: 1 | H46: Unknown | I46: user20@example.com | M46: =IF(E46="N/A","N/A",IF(E46>=70000,"High","Low")) -> High | P46: =LEFT(B46,3) -> Chr | Q46: =RIGHT(B46,3) -> Lee | R46: =MID(B46,3,4) -> ris | S46: =UPPER(B46) -> CHRIS LEE | T46: =LOWER(C46) -> finance | U46: =PROPER(C46) -> Finance
A47: EMP1045 | B47: Unknown | C47: HR | D47: Unknown | E47: 58962 | F47: 42323 | G47: 3 | H47: Other | I47: user106@example.com | M47: =IF(E47="N/A","N/A",IF(E47>=70000,"High","Low")) -> Low | P47: =LEFT(B47,3) -> Unk | Q47: =RIGHT(B47,3) -> own | R47: =MID(B47,3,4) -> know | S47: =UPPER(B47) -> UNKNOWN | T47: =LOWER(C47) -> hr | U47: =PROPER(C47) -> Hr
A48: EMP1046 | B48: Chris Lee | C48: IT | D48: Germany | E48: 92701 | F48: 42330 | G48: 3 | H48: Other | I48: user199@example.com | M48: =IF(E48="N/A","N/A",IF(E48>=70000,"High","Low")) -> High | P48: =LEFT(B48,3) -> Chr | Q48: =RIGHT(B48,3) -> Lee | R48: =MID(B48,3,4) -> ris | S48: =UPPER(B48) -> CHRIS LEE | T48: =LOWER(C48) -> it | U48: =PROPER(C48) -> It
A49: EMP1047 | B49: Chris Lee | C49: HR | D49: India | E49: 58245 | F49: 42337 | G49: 4 | H49: Unknown | I49: user43@example.com | M49: =IF(E49="N/A","N/A",IF(E49>=70000,"High","Low")) -> Low | P49: =LEFT(B49,3) -> Chr | Q49: =RIGHT(B49,3) -> Lee | R49: =MID(B49,3,4) -> ris | S49: =UPPER(B49) -> CHRIS LEE | T49: =LOWER(C49) -> hr | U49: =PROPER(C49) -> Hr
A50: EMP1048 | B50: John Doe | C50: Finance | D50: Unknown | E50: 66513 | F50: 42344 | G50: 2 | H50: Other | I50: user24@example.com | M50: =IF(E50="N/A","N/A",IF(E50>=70000,"High","Low")) -> Low | P50: =LEFT(B50,3) -> Joh | Q50: =RIGHT(B50,3) -> Doe | R50: =MID(B50,3,4) -> hn D | S50: =UPPER(B50) -> JOHN DOE | T50: =LOWER(C50) -> finance | U50: =PROPER(C50) -> Finance
A51: EMP1049 | B51: Eve Adams | C51: HR | D51: Germany | E51: 78720 | F51: 42351 | G51: 5 | H51: Female | I51: user89@example.com | M51: =IF(E51="N/A","N/A",IF(E51>=70000,"High","Low")) -> High | P51: =LEFT(B51,3) -> Eve | Q51: =RIGHT(B51,3) -> ams | R51: =MID(B51,3,4) -> e Ad | S51: =UPPER(B51) -> EVE ADAMS | T51: =LOWER(C51) -> hr | U51: =PROPER(C51) -> Hr
A52: EMP1050 | B52: Chris Lee | C52: Unknown | D52: Unknown | E52: 30686 | F52: Unknown | G52: 2 | H52: Female | I52: user95@example.com | M52: =IF(E52="N/A","N/A",IF(E52>=70000,"High","Low")) -> Low | P52: =LEFT(B52,3) -> Chr | Q52: =RIGHT(B52,3) -> Lee | R52: =MID(B52,3,4) -> ris | S52: =UPPER(B52) -> CHRIS LEE | T52: =LOWER(C52) -> unknown | U52: =PROPER(C52) -> Unknown
A53: EMP1051 | B53: Sam Wilson | C53: Sales | D53: India | E53: 39423 | F53: 42365 | G53: 5 | H53: Unknown | I53: user59@example.com | M53: =IF(E53="N/A","N/A",IF(E53>=70000,"High","Low")) -> Low | P53: =LEFT(B53,3) -> Sam | Q53: =RIGHT(B53,3) -> son | R53: =MID(B53,3,4) -> m Wi | S53: =UPPER(B53) -> SAM WILSON | T53: =LOWER(C53) -> sales | U53: =PROPER(C53) -> Sales
A54: EMP1052 | B54: Eve Adams | C54: Marketing | D54: Unknown | E54: 30280 | F54: 42372 | G54: 1 | H54: Unknown | I54: user152@example.com | M54: =IF(E54="N/A","N/A",IF(E54>=70000,"High","Low")) -> Low | P54: =LEFT(B54,3) -> Eve | Q54: =RIGHT(B54,3) -> ams | R54: =MID(B54,3,4) -> e Ad | S54: =UPPER(B54) -> EVE ADAMS | T54: =LOWER(C54) -> marketing | U54: =PROPER(C54) -> Marketing
A55: EMP1053 | B55: Eve Adams | C55: Finance | D55: UK | E55: 33352 | F55: 42379 | G55: 3 | H55: Female | I55: user200@example.com | M55: =IF(E55="N/A","N/A",IF(E55>=70000,"High","Low")) -> Low | P55: =LEFT(B55,3) -> Eve | Q55: =RIGHT(B55,3) -> ams | R55: =MID(B55,3,4) -> e Ad | S55: =UPPER(B55) -> EVE ADAMS | T55: =LOWER(C55) -> finance | U55: =PROPER(C55) -> Finance
A56: EMP1054 | B56: Bob Johnson | C56: Marketing | D56: UK | E56: 75633 | F56: 42386 | G56: 5 | H56: Other | I56: user92@example.com | M56: =IF(E56="N/A","N/A",IF(E56>=70000,"High","Low")) -> High | P56: =LEFT(B56,3) -> Bob | Q56: =RIGHT(B56,3) -> son | R56: =MID(B56,3,4) -> b Jo | S56: =UPPER(B56) -> BOB JOHNSON | T56: =LOWER(C56) -> marketing | U56: =PROPER(C56) -> Marketing
A57: EMP1055 | B57: Chris Lee | C57: Unknown | D57: USA | E57: 74815 | F57: 42393 | G57: 5 | H57: Female | I57: user50@example.com | M57: =IF(E57="N/A","N/A",IF(E57>=70000,"High","Low")) -> High | P57: =LEFT(B57,3) -> Chr | Q57: =RIGHT(B57,3) -> Lee | R57: =MID(B57,3,4) -> ris | S57: =UPPER(B57) -> CHRIS LEE | T57: =LOWER(C57) -> unknown | U57: =PROPER(C57) -> Unknown
A58: EMP1056 | B58: John Doe | C58: Sales | D58: Australia | E58: 60011 | F58: 42400 | G58: 1 | H58: Male | I58: user63@example.com | M58: =IF(E58="N/A","N/A",IF(E58>=70000,"High","Low")) -> Low | P58: =LEFT(B58,3) -> Joh | Q58: =RIGHT(B58,3) -> Doe | R58: =MID(B58,3,4) -> hn D | S58: =UPPER(B58) -> JOHN DOE | T58: =LOWER(C58) -> sales | U58: =PROPER(C58) -> Sales
A59: EMP1057 | B59: Eve Adams | C59: Unknown | D59: India | E59: 96949 | F59: 42407 | G59: 3 | H59: Unknown | I59: user103@example.com | M59: =IF(E59="N/A","N/A",IF(E59>=70000,"High","Low")) -> High | P59: =LEFT(B59,3) -> Eve | Q59: =RIGHT(B59,3) -> ams | R59: =MID(B59,3,4) -> e Ad | S59: =UPPER(B59) -> EVE ADAMS | T59: =LOWER(C59) -> unknown | U59: =PROPER(C59) -> Unknown
A60: EMP1058 | B60: Sam Wilson | C60: Marketing | D60: Unknown | E60: 84924 | F60: 42414 | G60: 5 | H60: Male | I60: user150@example.com | M60: =IF(E60="N/A","N/A",IF(E60>=70000,"High","Low")) -> High | P60: =LEFT(B60,3) -> Sam | Q60: =RIGHT(B60,3) -> son | R60: =MID(B60,3,4) -> m Wi | S60: =UPPER(B60) -> SAM WILSON | T60: =LOWER(C60) -> marketing | U60: =PROPER(C60) -> Marketing
A61: EMP1059 | B61: Sam Wilson | C61: Finance | D61: USA | E61: 82033 | F61: 42421 | G61: 1 | H61: Unknown | I61: user20@example.com | M61: =IF(E61="N/A","N/A",IF(E61>=70000,"High","Low")) -> High | P61: =LEFT(B61,3) -> Sam | Q61: =RIGHT(B61,3) -> son | R61: =MID(B61,3,4) -> m Wi | S61: =UPPER(B61) -> SAM WILSON | T61: =LOWER(C61) -> finance | U61: =PROPER(C61) -> Finance
A62: EMP1060 | B62: Unknown | C62: Marketing | D62: Germany | E62: Unknown | F62: Unknown | G62: 5 | H62: Unknown | I62: user112@example.com | M62: =IF(E62="N/A","N/A",IF(E62>=70000,"High","Low")) -> High | P62: =LEFT(B62,3) -> Unk | Q62: =RIGHT(B62,3) -> own | R62: =MID(B62,3,4) -> know | S62: =UPPER(B62) -> UNKNOWN | T62: =LOWER(C62) -> marketing | U62: =PROPER(C62) -> Marketing
A63: EMP1061 | B63: Eve Adams | C63: Unknown | D63: Australia | E63: 31499 | F63: 42435 | G63: 2 | H63: Unknown | I63: user31@example.com | M63: =IF(E63="N/A","N/A",IF(E63>=70000,"High","Low")) -> Low | P63: =LEFT(B63,3) -> Eve | Q63: =RIGHT(B63,3) -> ams | R63: =MID(B63,3,4) -> e Ad | S63: =UPPER(B63) -> EVE ADAMS | T63: =LOWER(C63) -> unknown | U63: =PROPER(C63) -> Unknown
A64: EMP1062 | B64: Chris Lee | C64: IT | D64: UK | E64: 97981 | F64: 42442 | G64: 5 | H64: Female | I64: user71@example.com | M64: =IF(E64="N/A","N/A",IF(E64>=70000,"High","Low")) -> High | P64: =LEFT(B64,3) -> Chr | Q64: =RIGHT(B64,3) -> Lee | R64: =MID(B64,3,4) -> ris | S64: =UPPER(B64) -> CHRIS LEE | T64: =LOWER(C64) -> it | U64: =PROPER(C64) -> It
A65: EMP1063 | B65: Eve Adams | C65: HR | D65: USA | E65: 36541 | F65: 42449 | G65: 2 | H65: Other | I65: user97@example.com | M65: =IF(E65="N/A","N/A",IF(E65>=70000,"High","Low")) -> Low | P65: =LEFT(B65,3) -> Eve | Q65: =RIGHT(B65,3) -> ams | R65: =MID(B65,3,4) -> e Ad | S65: =UPPER(B65) -> EVE ADAMS | T65: =LOWER(C65) -> hr | U65: =PROPER(C65) -> Hr
A66: EMP1064 | B66: John Doe | C66: IT | D66: India | E66: 84737 | F66: 42456 | G66: 1 | H66: Male | I66: user141@example.com | M66: =IF(E66="N/A","N/A",IF(E66>=70000,"High","Low")) -> High | P66: =LEFT(B66,3) -> Joh | Q66: =RIGHT(B66,3) -> Doe | R66: =MID(B66,3,4) -> hn D | S66: =UPPER(B66) -> JOHN DOE | T66: =LOWER(C66) -> it | U66: =PROPER(C66) -> It
A67: EMP1065 | B67: Sam Wilson | C67: Finance | D67: India | E67: 33468 | F67: 42463 | G67: 4 | H67: Male | I67: user125@example.com | M67: =IF(E67="N/A","N/A",IF(E67>=70000,"High","Low")) -> Low | P67: =LEFT(B67,3) -> Sam | Q67: =RIGHT(B67,3) -> son | R67: =MID(B67,3,4) -> m Wi | S67: =UPPER(B67) -> SAM WILSON | T67: =LOWER(C67) -> finance | U67: =PROPER(C67) -> Finance
A68: EMP1066 | B68: Sam Wilson | C68: Unknown | D68: Australia | E68: 96365 | F68: 42470 | G68: 3 | H68: Other | I68: user90@example.com | M68: =IF(E68="N/A","N/A",IF(E68>=70000,"High","Low")) -> High | P68: =LEFT(B68,3) -> Sam | Q68: =RIGHT(B68,3) -> son | R68: =MID(B68,3,4) -> m Wi | S68: =UPPER(B68) -> SAM WILSON | T68: =LOWER(C68) -> unknown | U68: =PROPER(C68) -> Unknown
A69: EMP1067 | B69: Alice Brown | C69: Sales | D69: India | E69: 61942 | F69: 42477 | G69: 3 | H69: Female | I69: user192@example.com | M69: =IF(E69="N/A","N/A",IF(E69>=70000,"High","Low")) -> Low | P69: =LEFT(B69,3) -> Ali | Q69: =RIGHT(B69,3) -> own | R69: =MID(B69,3,4) -> ice | S69: =UPPER(B69) -> ALICE BROWN | T69: =LOWER(C69) -> sales | U69: =PROPER(C69) -> Sales
A70: EMP1068 | B70: Sam Wilson | C70: Finance | D70: UK | E70: 41467 | F70: 42484 | G70: 2 | H70: Unknown | I70: user77@example.com | M70: =IF(E70="N/A","N/A",IF(E70>=70000,"High","Low")) -> Low | P70: =LEFT(B70,3) -> Sam | Q70: =RIGHT(B70,3) -> son | R70: =MID(B70,3,4) -> m Wi | S70: =UPPER(B70) -> SAM WILSON | T70: =LOWER(C70) -> finance | U70: =PROPER(C70) -> Finance
A71: EMP1069 | B71: Bob Johnson | C71: Finance | D71: India | E71: 77096 | F71: 42491 | G71: 1 | H71: Unknown | I71: user65@example.com | M71: =IF(E71="N/A","N/A",IF(E71>=70000,"High","Low")) -> High | P71: =LEFT(B71,3) -> Bob | Q71: =RIGHT(B71,3) -> son | R71: =MID(B71,3,4) -> b Jo | S71: =UPPER(B71) -> BOB JOHNSON | T71: =LOWER(C71) -> finance | U71: =PROPER(C71) -> Finance
A72: EMP1070 | B72: Eve Adams | C72: Sales | D72: Australia | E72: 69952 | F72: 42498 | G72: 5 | H72: Female | I72: Unknown | M72: =IF(E72="N/A","N/A",IF(E72>=70000,"High","Low")) -> Low | P72: =LEFT(B72,3) -> Eve | Q72: =RIGHT(B72,3) -> ams | R72: =MID(B72,3,4) -> e Ad | S72: =UPPER(B72) -> EVE ADAMS | T72: =LOWER(C72) -> sales | U72: =PROPER(C72) -> Sales
A73: EMP1071 | B73: Eve Adams | C73: Marketing | D73: USA | E73: 85065 | F73: 42505 | G73: 3 | H73: Unknown | I73: user142@example.com | M73: =IF(E73="N/A","N/A",IF(E73>=70000,"High","Low")) -> High | P73: =LEFT(B73,3) -> Eve | Q73: =RIGHT(B73,3) -> ams | R73: =MID(B73,3,4) -> e Ad | S73: =UPPER(B73) -> EVE ADAMS | T73: =LOWER(C73) -> marketing | U73: =PROPER(C73) -> Marketing
A74: EMP1072 | B74: Bob Johnson | C74: Marketing | D74: India | E74: 56512 | F74: 42512 | G74: Unknown | H74: Other | I74: user153@example.com | M74: =IF(E74="N/A","N/A",IF(E74>=70000,"High","Low")) -> Low | P74: =LEFT(B74,3) -> Bob | Q74: =RIGHT(B74,3) -> son | R74: =MID(B74,3,4) -> b Jo | S74: =UPPER(B74) -> BOB JOHNSON | T74: =LOWER(C74) -> marketing | U74: =PROPER(C74) -> Marketing
A75: EMP1073 | B75: John Doe | C75: Sales | D75: India | E75: 91101 | F75: 42519 | G75: 4 | H75: Female | I75: user71@example.com | M75: =IF(E75="N/A","N/A",IF(E75>=70000,"High","Low")) -> High | P75: =LEFT(B75,3) -> Joh | Q75: =RIGHT(B75,3) -> Doe | R75: =MID(B75,3,4) -> hn D | S75: =UPPER(B75) -> JOHN DOE | T75: =LOWER(C75) -> sales | U75: =PROPER(C75) -> Sales
A76: EMP1074 | B76: Sam Wilson | C76: Unknown | D76: Germany | E76: 41243 | F76: 42526 | G76: Unknown | H76: Unknown | I76: user143@example.com | M76: =IF(E76="N/A","N/A",IF(E76>=70000,"High","Low")) -> Low | P76: =LEFT(B76,3) -> Sam | Q76: =RIGHT(B76,3) -> son | R76: =MID(B76,3,4) -> m Wi | S76: =UPPER(B76) -> SAM WILSON | T76: =LOWER(C76) -> unknown | U76: =PROPER(C76) -> Unknown
A77: EMP1075 | B77: Unknown | C77: Sales | D77: Unknown | E77: 96142 | F77: 42533 | G77: 1 | H77: Other | I77: user17@example.com | M77: =IF(E77="N/A","N/A",IF(E77>=70000,"High","Low")) -> High | P77: =LEFT(B77,3) -> Unk | Q77: =RIGHT(B77,3) -> own | R77: =MID(B77,3,4) -> know | S77: =UPPER(B77) -> UNKNOWN | T77: =LOWER(C77) -> sales | U77: =PROPER(C77) -> Sales
A78: EMP1076 | B78: Eve Adams | C78: IT | D78: India | E78: 94301 | F78: 42540 | G78: 1 | H78: Male | I78: user20@example.com | M78: =IF(E78="N/A","N/A",IF(E78>=70000,"High","Low")) -> High | P78: =LEFT(B78,3) -> Eve | Q78: =RIGHT(B78,3) -> ams | R78: =MID(B78,3,4) -> e Ad | S78: =UPPER(B78) -> EVE ADAMS | T78: =LOWER(C78) -> it | U78: =PROPER(C78) -> It
A79: EMP1077 | B79: Jane Smith | C79: Unknown | D79: UK | E79: 69166 | F79: 42547 | G79: 1 | H79: Female | I79: user22@example.com | M79: =IF(E79="N/A","N/A",IF(E79>=70000,"High","Low")) -> Low | P79: =LEFT(B79,3) -> Jan | Q79: =RIGHT(B79,3) -> ith | R79: =MID(B79,3,4) -> ne S | S79: =UPPER(B79) -> JANE SMITH | T79: =LOWER(C79) -> unknown | U79: =PROPER(C79) -> Unknown
A80: EMP1078 | B80: Sam Wilson | C80: Unknown | D80: UK | E80: 78245 | F80: 42554 | G80: 2 | H80: Unknown | I80: user46@example.com | M80: =IF(E80="N/A","N/A",IF(E80>=70000,"High","Low")) -> High | P80: =LEFT(B80,3) -> Sam | Q80: =RIGHT(B80,3) -> son | R80: =MID(B80,3,4) -> m Wi | S80: =UPPER(B80) -> SAM WILSON | T80: =LOWER(C80) -> unknown | U80: =PROPER(C80) -> Unknown
A81: EMP1079 | B81: Chris Lee | C81: Sales | D81: USA | E81: 66079 | F81: 42561 | G81: 2 | H81: Other | I81: user55@example.com | M81: =IF(E81="N/A","N/A",IF(E81>=70000,"High","Low")) -> Low | P81: =LEFT(B81,3) -> Chr | Q81: =RIGHT(B81,3) -> Lee | R81: =MID(B81,3,4) -> ris | S81: =UPPER(B81) -> CHRIS LEE | T81: =LOWER(C81) -> sales | U81: =PROPER(C81) -> Sales
A82: EMP1080 | B82: Eve Adams | C82: Marketing | D82: India | E82: Unknown | F82: Unknown | G82: Unknown | H82: Unknown | I82: user135@example.com | M82: =IF(E82="N/A","N/A",IF(E82>=70000,"High","Low")) -> High | P82: =LEFT(B82,3) -> Eve | Q82: =RIGHT(B82,3) -> ams | R82: =MID(B82,3,4) -> e Ad | S82: =UPPER(B82) -> EVE ADAMS | T82: =LOWER(C82) -> marketing | U82: =PROPER(C82) -> Marketing
A83: EMP1081 | B83: Jane Smith | C83: Sales | D83: USA | E83: 95621 | F83: 42575 | G83: 3 | H83: Female | I83: user156@example.com | M83: =IF(E83="N/A","N/A",IF(E83>=70000,"High","Low")) -> High | P83: =LEFT(B83,3) -> Jan | Q83: =RIGHT(B83,3) -> ith | R83: =MID(B83,3,4) -> ne S | S83: =UPPER(B83) -> JANE SMITH | T83: =LOWER(C83) -> sales | U83: =PROPER(C83) -> Sales
A84: EMP1082 | B84: Eve Adams | C84: IT | D84: UK | E84: 42262 | F84: 42582 | G84: 1 | H84: Unknown | I84: user104@example.com | M84: =IF(E84="N/A","N/A",IF(E84>=70000,"High","Low")) -> Low | P84: =LEFT(B84,3) -> Eve | Q84: =RIGHT(B84,3) -> ams | R84: =MID(B84,3,4) -> e Ad | S84: =UPPER(B84) -> EVE ADAMS | T84: =LOWER(C84) -> it | U84: =PROPER(C84) -> It
A85: EMP1083 | B85: Sam Wilson | C85: Sales | D85: India | E85: 99621 | F85: 42589 | G85: Unknown | H85: Other | I85: user145@example.com | M85: =IF(E85="N/A","N/A",IF(E85>=70000,"High","Low")) -> High | P85: =LEFT(B85,3) -> Sam | Q85: =RIGHT(B85,3) -> son | R85: =MID(B85,3,4) -> m Wi | S85: =UPPER(B85) -> SAM WILSON | T85: =LOWER(C85) -> sales | U85: =PROPER(C85) -> Sales
A86: EMP1084 | B86: John Doe | C86: Marketing | D86: India | E86: 44682 | F86: 42596 | G86: 4 | H86: Female | I86: user47@example.com | M86: =IF(E86="N/A","N/A",IF(E86>=70000,"High","Low")) -> Low | P86: =LEFT(B86,3) -> Joh | Q86: =RIGHT(B86,3) -> Doe | R86: =MID(B86,3,4) -> hn D | S86: =UPPER(B86) -> JOHN DOE | T86: =LOWER(C86) -> marketing | U86: =PROPER(C86) -> Marketing
A87: EMP1085 | B87: Chris Lee | C87: Finance | D87: Unknown | E87: 35163 | F87: 42603 | G87: 5 | H87: Other | I87: user197@example.com | M87: =IF(E87="N/A","N/A",IF(E87>=70000,"High","Low")) -> Low | P87: =LEFT(B87,3) -> Chr | Q87: =RIGHT(B87,3) -> Lee | R87: =MID(B87,3,4) -> ris | S87: =UPPER(B87) -> CHRIS LEE | T87: =LOWER(C87) -> finance | U87: =PROPER(C87) -> Finance
A88: EMP1086 | B88: Chris Lee | C88: IT | D88: India | E88: 33483 | F88: 42610 | G88: 4 | H88: Male | I88: user177@example.com | M88: =IF(E88="N/A","N/A",IF(E88>=70000,"High","Low")) -> Low | P88: =LEFT(B88,3) -> Chr | Q88: =RIGHT(B88,3) -> Lee | R88: =MID(B88,3,4) -> ris | S88: =UPPER(B88) -> CHRIS LEE | T88: =LOWER(C88) -> it | U88: =PROPER(C88) -> It
A89: EMP1087 | B89: Sam Wilson | C89: HR | D89: Germany | E89: 55303 | F89: 42617 | G89: 4 | H89: Male | I89: user149@example.com | M89: =IF(E89="N/A","N/A",IF(E89>=70000,"High","Low")) -> Low | P89: =LEFT(B89,3) -> Sam | Q89: =RIGHT(B89,3) -> son | R89: =MID(B89,3,4) -> m Wi | S89: =UPPER(B89) -> SAM WILSON | T89: =LOWER(C89) -> hr | U89: =PROPER(C89) -> Hr
A90: EMP1088 | B90: Chris Lee | C90: IT | D90: Unknown | E90: 63434 | F90: 42624 | G90: 3 | H90: Unknown | I90: user48@example.com | M90: =IF(E90="N/A","N/A",IF(E90>=70000,"High","Low")) -> Low | P90: =LEFT(B90,3) -> Chr | Q90: =RIGHT(B90,3) -> Lee | R90: =MID(B90,3,4) -> ris | S90: =UPPER(B90) -> CHRIS LEE | T90: =LOWER(C90) -> it | U90: =PROPER(C90) -> It
A91: EMP1089 | B91: Jane Smith | C91: Unknown | D91: Australia | E91: 38830 | F91: 42631 | G91: 3 | H91: Other | I91: user149@example.com | M91: =IF(E91="N/A","N/A",IF(E91>=70000,"High","Low")) -> Low | P91: =LEFT(B91,3) -> Jan | Q91: =RIGHT(B91,3) -> ith | R91: =MID(B91,3,4) -> ne S | S91: =UPPER(B91) -> JANE SMITH | T91: =LOWER(C91) -> unknown | U91: =PROPER(C91) -> Unknown
A92: EMP1090 | B92: Unknown | C92: Marketing | D92: UK | E92: 50741 | F92: 42638 | G92: 3 | H92: Unknown | I92: user65@example.com | M92: =IF(E92="N/A","N/A",IF(E92>=70000,"High","Low")) -> Low | P92: =LEFT(B92,3) -> Unk | Q92: =RIGHT(B92,3) -> own | R92: =MID(B92,3,4) -> know | S92: =UPPER(B92) -> UNKNOWN | T92: =LOWER(C92) -> marketing | U92: =PROPER(C92) -> Marketing
A93: EMP1091 | B93: Alice Brown | C93: HR | D93: Australia | E93: 69420 | F93: 42645 | G93: 1 | H93: Male | I93: user43@example.com | M93: =IF(E93="N/A","N/A",IF(E93>=70000,"High","Low")) -> Low | P93: =LEFT(B93,3) -> Ali | Q93: =RIGHT(B93,3) -> own | R93: =MID(B93,3,4) -> ice | S93: =UPPER(B93) -> ALICE BROWN | T93: =LOWER(C93) -> hr | U93: =PROPER(C93) -> Hr
A94: EMP1092 | B94: Jane Smith | C94: IT | D94: Unknown | E94: 80588 | F94: 42652 | G94: 5 | H94: Male | I94: user98@example.com | M94: =IF(E94="N/A","N/A",IF(E94>=70000,"High","Low")) -> High | P94: =LEFT(B94,3) -> Jan | Q94: =RIGHT(B94,3) -> ith | R94: =MID(B94,3,4) -> ne S | S94: =UPPER(B94) -> JANE SMITH | T94: =LOWER(C94) -> it | U94: =PROPER(C94) -> It
A95: EMP1093 | B95: Alice Brown | C95: Unknown | D95: USA | E95: 76238 | F95: 42659 | G95: 4 | H95: Male | I95: user102@example.com | M95: =IF(E95="N/A","N/A",IF(E95>=70000,"High","Low")) -> High | P95: =LEFT(B95,3) -> Ali | Q95: =RIGHT(B95,3) -> own | R95: =MID(B95,3,4) -> ice | S95: =UPPER(B95) -> ALICE BROWN | T95: =LOWER(C95) -> unknown | U95: =PROPER(C95) -> Unknown
A96: EMP1094 | B96: Bob Johnson | C96: IT | D96: India | E96: 33264 | F96: 42666 | G96: Unknown | H96: Female | I96: user148@example.com | M96: =IF(E96="N/A","N/A",IF(E96>=70000,"High","Low")) -> Low | P96: =LEFT(B96,3) -> Bob | Q96: =RIGHT(B96,3) -> son | R96: =MID(B96,3,4) -> b Jo | S96: =UPPER(B96) -> BOB JOHNSON | T96: =LOWER(C96) -> it | U96: =PROPER(C96) -> It
A97: EMP1095 | B97: Alice Brown | C97: Finance | D97: Australia | E97: 96101 | F97: 42673 | G97: Unknown | H97: Other | I97: user155@example.com | M97: =IF(E97="N/A","N/A",IF(E97>=70000,"High","Low")) -> High | P97: =LEFT(B97,3) -> Ali | Q97: =RIGHT(B97,3) -> own | R97: =MID(B97,3,4) -> ice | S97: =UPPER(B97) -> ALICE BROWN | T97: =LOWER(C97) -> finance | U97: =PROPER(C97) -> Finance
A98: EMP1096 | B98: Jane Smith | C98: Finance | D98: USA | E98: 72939 | F98: 42680 | G98: 3 | H98: Unknown | I98: user191@example.com | M98: =IF(E98="N/A","N/A",IF(E98>=70000,"High","Low")) -> High | P98: =LEFT(B98,3) -> Jan | Q98: =RIGHT(B98,3) -> ith | R98: =MID(B98,3,4) -> ne S | S98: =UPPER(B98) -> JANE SMITH | T98: =LOWER(C98) -> finance | U98: =PROPER(C98) -> Finance
A99: EMP1097 | B99: Sam Wilson | C99: HR | D99: Germany | E99: 89333 | F99: 42687 | G99: 1 | H99: Male | I99: user113@example.com | M99: =IF(E99="N/A","N/A",IF(E99>=70000,"High","Low")) -> High | P99: =LEFT(B99,3) -> Sam | Q99: =RIGHT(B99,3) -> son | R99: =MID(B99,3,4) -> m Wi | S99: =UPPER(B99) -> SAM WILSON | T99: =LOWER(C99) -> hr | U99: =PROPER(C99) -> Hr
A100: EMP1098 | B100: Bob Johnson | C100: IT | D100: Australia | E100: 70470 | F100: 42694 | G100: Unknown | H100: Male | I100: user62@example.com | M100: =IF(E100="N/A","N/A",IF(E100>=70000,"High","Low")) -> High | P100: =LEFT(B100,3) -> Bob | Q100: =RIGHT(B100,3) -> son | R100: =MID(B100,3,4) -> b Jo | S100: =UPPER(B100) -> BOB JOHNSON | T100: =LOWER(C100) -> it | U100: =PROPER(C100) -> It
...

Sheet Day-7 Power Query
A1: Employee ID | B1: Name | C1: Department | D1: Country | E1: Salary | F1: Date of Joining | G1: Performance Rating | H1: Gender | I1: Email
A2: EMP1000 | B2: Unknown | C2: Finance | D2: Unknown | E2: Unknown | F2: Unknown | G2: 2 | H2: Unknown | I2: Unknown
A3: EMP1001 | B3: Eve Adams | C3: HR | D3: Germany | E3: 54255 | F3: 42015 | G3: 1 | H3: Other | I3: user106@example.com
A4: EMP1002 | B4: Alice Brown | C4: Finance | D4: Germany | E4: 63184 | F4: 42022 | G4: 2 | H4: Unknown | I4: user176@example.com
A5: EMP1003 | B5: John Doe | C5: Sales | D5: USA | E5: 94406 | F5: 42029 | G5: 1 | H5: Male | I5: user168@example.com
A6: EMP1004 | B6: Jane Smith | C6: Sales | D6: Germany | E6: 64120 | F6: 42036 | G6: 1 | H6: Male | I6: user49@example.com
A7: EMP1005 | B7: Alice Brown | C7: IT | D7: India | E7: 78421 | F7: 42043 | G7: 2 | H7: Female | I7: user24@example.com
A8: EMP1006 | B8: Sam Wilson | C8: Sales | D8: Unknown | E8: 67721 | F8: 42050 | G8: Unknown | H8: Male | I8: user168@example.com
A9: EMP1007 | B9: Chris Lee | C9: Marketing | D9: Unknown | E9: 35364 | F9: 42057 | G9: 2 | H9: Other | I9: user26@example.com
A10: EMP1008 | B10: Alice Brown | C10: IT | D10: Germany | E10: 97881 | F10: 42064 | G10: Unknown | H10: Female | I10: user25@example.com
A11: EMP1009 | B11: Chris Lee | C11: HR | D11: UK | E11: 91846 | F11: 42071 | G11: Unknown | H11: Male | I11: user153@example.com
A12: EMP1010 | B12: Sam Wilson | C12: Finance | D12: UK | E12: 64247 | F12: 42078 | G12: 1 | H12: Female | I12: user18@example.com
A13: EMP1011 | B13: Sam Wilson | C13: IT | D13: USA | E13: 91180 | F13: 42085 | G13: 5 | H13: Male | I13: user1@example.com
A14: EMP1012 | B14: Bob Johnson | C14: Sales | D14: Unknown | E14: 96418 | F14: 42092 | G14: 5 | H14: Male | I14: user106@example.com
A15: EMP1013 | B15: Sam Wilson | C15: Unknown | D15: India | E15: 62158 | F15: 42099 | G15: 4 | H15: Unknown | I15: user180@example.com
A16: EMP1014 | B16: Jane Smith | C16: HR | D16: Unknown | E16: 59894 | F16: 42106 | G16: 2 | H16: Male | I16: user184@example.com
A17: EMP1015 | B17: Unknown | C17: IT | D17: India | E17: 92443 | F17: 42113 | G17: 3 | H17: Other | I17: user3@example.com
A18: EMP1016 | B18: Bob Johnson | C18: Unknown | D18: Germany | E18: 90271 | F18: 42120 | G18: Unknown | H18: Unknown | I18: user64@example.com
A19: EMP1017 | B19: Jane Smith | C19: Finance | D19: Australia | E19: 41341 | F19: 42127 | G19: 1 | H19: Other | I19: user38@example.com
A20: EMP1018 | B20: Alice Brown | C20: Finance | D20: UK | E20: 73602 | F20: 42134 | G20: Unknown | H20: Unknown | I20: user96@example.com
A21: EMP1019 | B21: Eve Adams | C21: Unknown | D21: India | E21: 67531 | F21: 42141 | G21: 5 | H21: Female | I21: user151@example.com
A22: EMP1020 | B22: Jane Smith | C22: HR | D22: USA | E22: Unknown | F22: 42148 | G22: 2 | H22: Other | I22: user200@example.com
A23: EMP1021 | B23: Jane Smith | C23: HR | D23: Unknown | E23: 98922 | F23: 42155 | G23: 4 | H23: Unknown | I23: user77@example.com
A24: EMP1022 | B24: Eve Adams | C24: Finance | D24: India | E24: 38333 | F24: 42162 | G24: 5 | H24: Unknown | I24: user128@example.com
A25: EMP1023 | B25: Alice Brown | C25: Marketing | D25: UK | E25: 36515 | F25: 42169 | G25: 3 | H25: Male | I25: user149@example.com
A26: EMP1024 | B26: Sam Wilson | C26: Finance | D26: Unknown | E26: 91005 | F26: 42176 | G26: 1 | H26: Other | I26: user122@example.com
A27: EMP1025 | B27: Chris Lee | C27: Unknown | D27: Unknown | E27: 52272 | F27: 42183 | G27: 3 | H27: Unknown | I27: user41@example.com
A28: EMP1026 | B28: Eve Adams | C28: Sales | D28: Germany | E28: 76518 | F28: 42190 | G28: 2 | H28: Female | I28: user68@example.com
A29: EMP1027 | B29: Alice Brown | C29: IT | D29: UK | E29: 41448 | F29: 42197 | G29: 3 | H29: Other | I29: user103@example.com
A30: EMP1028 | B30: John Doe | C30: HR | D30: UK | E30: 49282 | F30: 42204 | G30: 2 | H30: Female | I30: user135@example.com
A31: EMP1029 | B31: Bob Johnson | C31: Marketing | D31: UK | E31: 92959 | F31: 42211 | G31: 5 | H31: Unknown | I31: user83@example.com
A32: EMP1030 | B32: Unknown | C32: Marketing | D32: Unknown | E32: 92259 | F32: Unknown | G32: 1 | H32: Unknown | I32: user109@example.com
A33: EMP1031 | B33: Eve Adams | C33: HR | D33: Germany | E33: 92299 | F33: 42225 | G33: 3 | H33: Male | I33: user143@example.com
A34: EMP1032 | B34: Sam Wilson | C34: HR | D34: Unknown | E34: 95586 | F34: 42232 | G34: 3 | H34: Other | I34: user190@example.com
A35: EMP1033 | B35: Chris Lee | C35: Unknown | D35: USA | E35: 95367 | F35: 42239 | G35: Unknown | H35: Male | I35: user136@example.com
A36: EMP1034 | B36: John Doe | C36: Sales | D36: Australia | E36: 79549 | F36: 42246 | G36: 3 | H36: Unknown | I36: user198@example.com
A37: EMP1035 | B37: Alice Brown | C37: Unknown | D37: UK | E37: 54463 | F37: 42253 | G37: 4 | H37: Male | I37: Unknown
A38: EMP1036 | B38: Alice Brown | C38: IT | D38: USA | E38: 89781 | F38: 42260 | G38: Unknown | H38: Female | I38: user31@example.com
A39: EMP1037 | B39: Alice Brown | C39: HR | D39: Unknown | E39: 64796 | F39: 42267 | G39: Unknown | H39: Other | I39: user98@example.com
A40: EMP1038 | B40: John Doe | C40: Marketing | D40: UK | E40: 52093 | F40: 42274 | G40: 5 | H40: Unknown | I40: user154@example.com
A41: EMP1039 | B41: Chris Lee | C41: HR | D41: UK | E41: 48224 | F41: 42281 | G41: 3 | H41: Unknown | I41: user42@example.com
A42: EMP1040 | B42: Bob Johnson | C42: Finance | D42: UK | E42: Unknown | F42: Unknown | G42: 4 | H42: Female | I42: user89@example.com
A43: EMP1041 | B43: Alice Brown | C43: IT | D43: Germany | E43: 33956 | F43: 42295 | G43: Unknown | H43: Unknown | I43: user47@example.com
A44: EMP1042 | B44: Bob Johnson | C44: Unknown | D44: Australia | E44: 64913 | F44: 42302 | G44: 1 | H44: Female | I44: user175@example.com
A45: EMP1043 | B45: Alice Brown | C45: Marketing | D45: Australia | E45: 35326 | F45: 42309 | G45: Unknown | H45: Female | I45: user57@example.com
A46: EMP1044 | B46: Chris Lee | C46: Finance | D46: Unknown | E46: 81610 | F46: 42316 | G46: 1 | H46: Unknown | I46: user20@example.com
A47: EMP1045 | B47: Unknown | C47: HR | D47: Unknown | E47: 58962 | F47: 42323 | G47: 3 | H47: Other | I47: user106@example.com
A48: EMP1046 | B48: Chris Lee | C48: IT | D48: Germany | E48: 92701 | F48: 42330 | G48: 3 | H48: Other | I48: user199@example.com
A49: EMP1047 | B49: Chris Lee | C49: HR | D49: India | E49: 58245 | F49: 42337 | G49: 4 | H49: Unknown | I49: user43@example.com
A50: EMP1048 | B50: John Doe | C50: Finance | D50: Unknown | E50: 66513 | F50: 42344 | G50: 2 | H50: Other | I50: user24@example.com
A51: EMP1049 | B51: Eve Adams | C51: HR | D51: Germany | E51: 78720 | F51: 42351 | G51: 5 | H51: Female | I51: user89@example.com
A52: EMP1050 | B52: Chris Lee | C52: Unknown | D52: Unknown | E52: 30686 | F52: Unknown | G52: 2 | H52: Female | I52: user95@example.com
A53: EMP1051 | B53: Sam Wilson | C53: Sales | D53: India | E53: 39423 | F53: 42365 | G53: 5 | H53: Unknown | I53: user59@example.com
A54: EMP1052 | B54: Eve Adams | C54: Marketing | D54: Unknown | E54: 30280 | F54: 42372 | G54: 1 | H54: Unknown | I54: user152@example.com
A55: EMP1053 | B55: Eve Adams | C55: Finance | D55: UK | E55: 33352 | F55: 42379 | G55: 3 | H55: Female | I55: user200@example.com
A56: EMP1054 | B56: Bob Johnson | C56: Marketing | D56: UK | E56: 75633 | F56: 42386 | G56: 5 | H56: Other | I56: user92@example.com
A57: EMP1055 | B57: Chris Lee | C57: Unknown | D57: USA | E57: 74815 | F57: 42393 | G57: 5 | H57: Female | I57: user50@example.com
A58: EMP1056 | B58: John Doe | C58: Sales | D58: Australia | E58: 60011 | F58: 42400 | G58: 1 | H58: Male | I58: user63@example.com
A59: EMP1057 | B59: Eve Adams | C59: Unknown | D59: India | E59: 96949 | F59: 42407 | G59: 3 | H59: Unknown | I59: user103@example.com
A60: EMP1058 | B60: Sam Wilson | C60: Marketing | D60: Unknown | E60: 84924 | F60: 42414 | G60: 5 | H60: Male | I60: user150@example.com
A61: EMP1059 | B61: Sam Wilson | C61: Finance | D61: USA | E61: 82033 | F61: 42421 | G61: 1 | H61: Unknown | I61: user20@example.com
A62: EMP1060 | B62: Unknown | C62: Marketing | D62: Germany | E62: Unknown | F62: Unknown | G62: 5 | H62: Unknown | I62: user112@example.com
A63: EMP1061 | B63: Eve Adams | C63: Unknown | D63: Australia | E63: 31499 | F63: 42435 | G63: 2 | H63: Unknown | I63: user31@example.com
A64: EMP1062 | B64: Chris Lee | C64: IT | D64: UK | E64: 97981 | F64: 42442 | G64: 5 | H64: Female | I64: user71@example.com
A65: EMP1063 | B65: Eve Adams | C65: HR | D65: USA | E65: 36541 | F65: 42449 | G65: 2 | H65: Other | I65: user97@example.com
A66: EMP1064 | B66: John Doe | C66: IT | D66: India | E66: 84737 | F66: 42456 | G66: 1 | H66: Male | I66: user141@example.com
A67: EMP1065 | B67: Sam Wilson | C67: Finance | D67: India | E67: 33468 | F67: 42463 | G67: 4 | H67: Male | I67: user125@example.com
A68: EMP1066 | B68: Sam Wilson | C68: Unknown | D68: Australia | E68: 96365 | F68: 42470 | G68: 3 | H68: Other | I68: user90@example.com
A69: EMP1067 | B69: Alice Brown | C69: Sales | D69: India | E69: 61942 | F69: 42477 | G69: 3 | H69: Female | I69: user192@example.com
A70: EMP1068 | B70: Sam Wilson | C70: Finance | D70: UK | E70: 41467 | F70: 42484 | G70: 2 | H70: Unknown | I70: user77@example.com
A71: EMP1069 | B71: Bob Johnson | C71: Finance | D71: India | E71: 77096 | F71: 42491 | G71: 1 | H71: Unknown | I71: user65@example.com
A72: EMP1070 | B72: Eve Adams | C72: Sales | D72: Australia | E72: 69952 | F72: 42498 | G72: 5 | H72: Female | I72: Unknown
A73: EMP1071 | B73: Eve Adams | C73: Marketing | D73: USA | E73: 85065 | F73: 42505 | G73: 3 | H73: Unknown | I73: user142@example.com
A74: EMP1072 | B74: Bob Johnson | C74: Marketing | D74: India | E74: 56512 | F74: 42512 | G74: Unknown | H74: Other | I74: user153@example.com
A75: EMP1073 | B75: John Doe | C75: Sales | D75: India | E75: 91101 | F75: 42519 | G75: 4 | H75: Female | I75: user71@example.com
A76: EMP1074 | B76: Sam Wilson | C76: Unknown | D76: Germany | E76: 41243 | F76: 42526 | G76: Unknown | H76: Unknown | I76: user143@example.com
A77: EMP1075 | B77: Unknown | C77: Sales | D77: Unknown | E77: 96142 | F77: 42533 | G77: 1 | H77: Other | I77: user17@example.com
A78: EMP1076 | B78: Eve Adams | C78: IT | D78: India | E78: 94301 | F78: 42540 | G78: 1 | H78: Male | I78: user20@example.com
A79: EMP1077 | B79: Jane Smith | C79: Unknown | D79: UK | E79: 69166 | F79: 42547 | G79: 1 | H79: Female | I79: user22@example.com
A80: EMP1078 | B80: Sam Wilson | C80: Unknown | D80: UK | E80: 78245 | F80: 42554 | G80: 2 | H80: Unknown | I80: user46@example.com
A81: EMP1079 | B81: Chris Lee | C81: Sales | D81: USA | E81: 66079 | F81: 42561 | G81: 2 | H81: Other | I81: user55@example.com
A82: EMP1080 | B82: Eve Adams | C82: Marketing | D82: India | E82: Unknown | F82: Unknown | G82: Unknown | H82: Unknown | I82: user135@example.com
A83: EMP1081 | B83: Jane Smith | C83: Sales | D83: USA | E83: 95621 | F83: 42575 | G83: 3 | H83: Female | I83: user156@example.com
A84: EMP1082 | B84: Eve Adams | C84: IT | D84: UK | E84: 42262 | F84: 42582 | G84: 1 | H84: Unknown | I84: user104@example.com
A85: EMP1083 | B85: Sam Wilson | C85: Sales | D85: India | E85: 99621 | F85: 42589 | G85: Unknown | H85: Other | I85: user145@example.com
A86: EMP1084 | B86: John Doe | C86: Marketing | D86: India | E86: 44682 | F86: 42596 | G86: 4 | H86: Female | I86: user47@example.com
A87: EMP1085 | B87: Chris Lee | C87: Finance | D87: Unknown | E87: 35163 | F87: 42603 | G87: 5 | H87: Other | I87: user197@example.com
A88: EMP1086 | B88: Chris Lee | C88: IT | D88: India | E88: 33483 | F88: 42610 | G88: 4 | H88: Male | I88: user177@example.com
A89: EMP1087 | B89: Sam Wilson | C89: HR | D89: Germany | E89: 55303 | F89: 42617 | G89: 4 | H89: Male | I89: user149@example.com
A90: EMP1088 | B90: Chris Lee | C90: IT | D90: Unknown | E90: 63434 | F90: 42624 | G90: 3 | H90: Unknown | I90: user48@example.com
A91: EMP1089 | B91: Jane Smith | C91: Unknown | D91: Australia | E91: 38830 | F91: 42631 | G91: 3 | H91: Other | I91: user149@example.com
A92: EMP1090 | B92: Unknown | C92: Marketing | D92: UK | E92: 50741 | F92: 42638 | G92: 3 | H92: Unknown | I92: user65@example.com
A93: EMP1091 | B93: Alice Brown | C93: HR | D93: Australia | E93: 69420 | F93: 42645 | G93: 1 | H93: Male | I93: user43@example.com
A94: EMP1092 | B94: Jane Smith | C94: IT | D94: Unknown | E94: 80588 | F94: 42652 | G94: 5 | H94: Male | I94: user98@example.com
A95: EMP1093 | B95: Alice Brown | C95: Unknown | D95: USA | E95: 76238 | F95: 42659 | G95: 4 | H95: Male | I95: user102@example.com
A96: EMP1094 | B96: Bob Johnson | C96: IT | D96: India | E96: 33264 | F96: 42666 | G96: Unknown | H96: Female | I96: user148@example.com
A97: EMP1095 | B97: Alice Brown | C97: Finance | D97: Australia | E97: 96101 | F97: 42673 | G97: Unknown | H97: Other | I97: user155@example.com
A98: EMP1096 | B98: Jane Smith | C98: Finance | D98: USA | E98: 72939 | F98: 42680 | G98: 3 | H98: Unknown | I98: user191@example.com
A99: EMP1097 | B99: Sam Wilson | C99: HR | D99: Germany | E99: 89333 | F99: 42687 | G99: 1 | H99: Male | I99: user113@example.com
A100: EMP1098 | B100: Bob Johnson | C100: IT | D100: Australia | E100: 70470 | F100: 42694 | G100: Unknown | H100: Male | I100: user62@example.com
...

Sheet Day-7 Observations
G3: Day 7 – Power Query Introduction
F4: No. | G4: Observation
F5: 1 | G5: The Employee Details dataset was loaded into Power Query for data transformation.
F6: 2 | G6: The dataset contained 9 columns and 150 employee records.
F7: 3 | G7: Duplicate records were checked and removed using the Remove Duplicates option in Power Query.
F8: 4 | G8: The cleaned data was successfully loaded back into Excel using Close & Load.

Sheet Day-8 Clean Dataset
A1: Employee ID | B1: Name | C1: Department | D1: Country | E1: Salary | F1: Date of Joining | G1: Performance Rating | H1: Gender | I1: Email | J1: First Name | K1: Last Name | L1: Trimmed Name | M1: Flash Fill First Name
A2: EMP1000 | B2: Unknown | C2: Finance | D2: Unknown | E2: Unknown | F2: Unknown | G2: 2 | H2: Unknown | I2: Unknown | J2: Unknown | K2: UnKnown | L2: =TRIM(B2) -> Unknown | M2: Unknown
A3: EMP1001 | B3: Eve Adams | C3: HR | D3: Germany | E3: 54255 | F3: 42015 | G3: 1 | H3: Other | I3: user106@example.com | J3: Eve | K3: Adams | L3: =TRIM(B3) -> Eve Adams | M3: Eve
A4: EMP1002 | B4: Alice Brown | C4: Finance | D4: Germany | E4: 63184 | F4: 42022 | G4: 2 | H4: Unknown | I4: user176@example.com | J4: Alice | K4: Brown | L4: =TRIM(B4) -> Alice Brown | M4: Alice
A5: EMP1003 | B5: John Doe | C5: Sales | D5: USA | E5: 94406 | F5: 42029 | G5: 1 | H5: Male | I5: user168@example.com | J5: John | K5: Doe | L5: =TRIM(B5) -> John Doe | M5: John
A6: EMP1004 | B6: Jane Smith | C6: Sales | D6: Germany | E6: 64120 | F6: 42036 | G6: 1 | H6: Male | I6: user49@example.com | J6: Jane | K6: Smith | L6: =TRIM(B6) -> Jane Smith | M6: Jane
A7: EMP1005 | B7: Alice Brown | C7: IT | D7: India | E7: 78421 | F7: 42043 | G7: 2 | H7: Female | I7: user24@example.com | J7: Alice | K7: Brown | L7: =TRIM(B7) -> Alice Brown | M7: Alice
A8: EMP1006 | B8: Sam Wilson | C8: Sales | D8: Unknown | E8: 67721 | F8: 42050 | G8: Unknown | H8: Male | I8: user168@example.com | J8: Sam | K8: Wilson | L8: =TRIM(B8) -> Sam Wilson | M8: Sam
A9: EMP1007 | B9: Chris Lee | C9: Marketing | D9: Unknown | E9: 35364 | F9: 42057 | G9: 2 | H9: Other | I9: user26@example.com | J9: Chris | K9: Lee | L9: =TRIM(B9) -> Chris Lee | M9: Chris
A10: EMP1008 | B10: Alice Brown | C10: IT | D10: Germany | E10: 97881 | F10: 42064 | G10: Unknown | H10: Female | I10: user25@example.com | J10: Alice | K10: Brown | L10: =TRIM(B10) -> Alice Brown | M10: Alice
A11: EMP1009 | B11: Chris Lee | C11: HR | D11: UK | E11: 91846 | F11: 42071 | G11: Unknown | H11: Male | I11: user153@example.com | J11: Chris | K11: Lee | L11: =TRIM(B11) -> Chris Lee | M11: Chris
A12: EMP1010 | B12: Sam Wilson | C12: Finance | D12: UK | E12: 64247 | F12: 42078 | G12: 1 | H12: Female | I12: user18@example.com | J12: Sam | K12: Wilson | L12: =TRIM(B12) -> Sam Wilson | M12: Sam
A13: EMP1011 | B13: Sam Wilson | C13: IT | D13: USA | E13: 91180 | F13: 42085 | G13: 5 | H13: Male | I13: user1@example.com | J13: Sam | K13: Wilson | L13: =TRIM(B13) -> Sam Wilson | M13: Sam
A14: EMP1012 | B14: Bob Johnson | C14: Sales | D14: Unknown | E14: 96418 | F14: 42092 | G14: 5 | H14: Male | I14: user106@example.com | J14: Bob | K14: Johnson | L14: =TRIM(B14) -> Bob Johnson | M14: Bob
A15: EMP1013 | B15: Sam Wilson | C15: Unknown | D15: India | E15: 62158 | F15: 42099 | G15: 4 | H15: Unknown | I15: user180@example.com | J15: Sam | K15: Wilson | L15: =TRIM(B15) -> Sam Wilson | M15: Sam
A16: EMP1014 | B16: Jane Smith | C16: HR | D16: Unknown | E16: 59894 | F16: 42106 | G16: 2 | H16: Male | I16: user184@example.com | J16: Jane | K16: Smith | L16: =TRIM(B16) -> Jane Smith | M16: Jane
A17: EMP1015 | B17: Unknown | C17: IT | D17: India | E17: 92443 | F17: 42113 | G17: 3 | H17: Other | I17: user3@example.com | J17: Unknown | K17: UnKnown | L17: =TRIM(B17) -> Unknown | M17: Unknown
A18: EMP1016 | B18: Bob Johnson | C18: Unknown | D18: Germany | E18: 90271 | F18: 42120 | G18: Unknown | H18: Unknown | I18: user64@example.com | J18: Bob | K18: Johnson | L18: =TRIM(B18) -> Bob Johnson | M18: Bob
A19: EMP1017 | B19: Jane Smith | C19: Finance | D19: Australia | E19: 41341 | F19: 42127 | G19: 1 | H19: Other | I19: user38@example.com | J19: Jane | K19: Smith | L19: =TRIM(B19) -> Jane Smith | M19: Jane
A20: EMP1018 | B20: Alice Brown | C20: Finance | D20: UK | E20: 73602 | F20: 42134 | G20: Unknown | H20: Unknown | I20: user96@example.com | J20: Alice | K20: Brown | L20: =TRIM(B20) -> Alice Brown | M20: Alice
A21: EMP1019 | B21: Eve Adams | C21: Unknown | D21: India | E21: 67531 | F21: 42141 | G21: 5 | H21: Female | I21: user151@example.com | J21: Eve | K21: Adams | L21: =TRIM(B21) -> Eve Adams | M21: Eve
A22: EMP1020 | B22: Jane Smith | C22: HR | D22: USA | E22: Unknown | F22: 42148 | G22: 2 | H22: Other | I22: user200@example.com | J22: Jane | K22: Smith | L22: =TRIM(B22) -> Jane Smith | M22: Jane
A23: EMP1021 | B23: Jane Smith | C23: HR | D23: Unknown | E23: 98922 | F23: 42155 | G23: 4 | H23: Unknown | I23: user77@example.com | J23: Jane | K23: Smith | L23: =TRIM(B23) -> Jane Smith | M23: Jane
A24: EMP1022 | B24: Eve Adams | C24: Finance | D24: India | E24: 38333 | F24: 42162 | G24: 5 | H24: Unknown | I24: user128@example.com | J24: Eve | K24: Adams | L24: =TRIM(B24) -> Eve Adams | M24: Eve
A25: EMP1023 | B25: Alice Brown | C25: Marketing | D25: UK | E25: 36515 | F25: 42169 | G25: 3 | H25: Male | I25: user149@example.com | J25: Alice | K25: Brown | L25: =TRIM(B25) -> Alice Brown | M25: Alice
A26: EMP1024 | B26: Sam Wilson | C26: Finance | D26: Unknown | E26: 91005 | F26: 42176 | G26: 1 | H26: Other | I26: user122@example.com | J26: Sam | K26: Wilson | L26: =TRIM(B26) -> Sam Wilson | M26: Sam
A27: EMP1025 | B27: Chris Lee | C27: Unknown | D27: Unknown | E27: 52272 | F27: 42183 | G27: 3 | H27: Unknown | I27: user41@example.com | J27: Chris | K27: Lee | L27: =TRIM(B27) -> Chris Lee | M27: Chris
A28: EMP1026 | B28: Eve Adams | C28: Sales | D28: Germany | E28: 76518 | F28: 42190 | G28: 2 | H28: Female | I28: user68@example.com | J28: Eve | K28: Adams | L28: =TRIM(B28) -> Eve Adams | M28: Eve
A29: EMP1027 | B29: Alice Brown | C29: IT | D29: UK | E29: 41448 | F29: 42197 | G29: 3 | H29: Other | I29: user103@example.com | J29: Alice | K29: Brown | L29: =TRIM(B29) -> Alice Brown | M29: Alice
